id,requirement,category,source_section,source_decision,implementation_intent,owner,estimate_days,phase,dependencies,implementation_status,notes,repo_evidence,repo_gap,repo_stage,risk
F-001,Anonymous demo mode,Identity & onboarding,5,REQUIRED — current OET product / handover scope (SAMI PDF §16),IN SCOPE FOR FULL PROGRAM; deliver according to stage/non-goal gates unless explicitly deferred,Product + Frontend/Backend,TO VERIFY - developer after repository audit,Stage 1,Auth + learner profile schema,PARTIAL,,"`EffectiveEntitlementSnapshot.Tier == ""anonymous""`; `proxy.ts` PUBLIC_PATHS allow unauthenticated routes.","No anonymous companion demo, no ~3-interaction cap, no consented lead capture.",Stage 1,Medium
F-002,Registered Free mode,Identity & onboarding,5,REQUIRED — current OET product / handover scope (SAMI PDF §16),IN SCOPE FOR FULL PROGRAM; deliver according to stage/non-goal gates unless explicitly deferred,Product + Frontend/Backend,TO VERIFY - developer after repository audit,Stage 1,Auth + learner profile schema,EXISTS,,Tier `free` in `EffectiveEntitlementSnapshot`; `AiQuotaPlans` + `IAiQuotaService` meter per feature code.,"No change to the tier model itself. The `free` `AiQuotaPlan` also carries the companion feature codes (`Services/SeedData.AiQuota.cs:38-47`), so that list is a meter, not the gate — access is `ModuleKeys.AiCompanion` plus the per-user override (`CompanionAccessResolver`). The seeded comment there still describes the retired token-cap upgrade card; D-008 (see F-135) makes that comment stale, not the behaviour.",Stage 1,Low
F-003,Profession selection,Identity & onboarding,5,REQUIRED — current OET product / handover scope (SAMI PDF §16),IN SCOPE FOR FULL PROGRAM; deliver according to stage/non-goal gates unless explicitly deferred,Product + Frontend/Backend,TO VERIFY - developer after repository audit,Stage 1,Auth + learner profile schema,EXISTS,,"`LearnerUser.ActiveProfessionId`, `LearnerGoal.ProfessionId`, `Services/Professions/**`; 13 professions per `CONTEXT.md`.",None. Companion reads this as a core retrieval dimension.,Stage 1,Low
F-004,Exam/version selection,Identity & onboarding,5,REQUIRED — current OET product / handover scope (SAMI PDF §16),IN SCOPE FOR FULL PROGRAM; deliver according to stage/non-goal gates unless explicitly deferred,Product + Frontend/Backend,TO VERIFY - developer after repository audit,Stage 1,Auth + learner profile schema,PARTIAL,,"`LearnerGoal.ExamFamilyCode`/`ExamTypeCode`/`TargetExamMode`, `LearnerUser.ActiveExamTypeCode`.","No effective-dated exam *version* with current/retired state, so exam-date to version resolution is impossible.",Stage 2,Medium
F-005,Exam date and target,Identity & onboarding,5,REQUIRED — current OET product / handover scope (SAMI PDF §16),IN SCOPE FOR FULL PROGRAM; deliver according to stage/non-goal gates unless explicitly deferred,Product + Frontend/Backend,TO VERIFY - developer after repository audit,Stage 1,Auth + learner profile schema,EXISTS,,`LearnerGoal.TargetExamDate` + per-subtest `Target*Score` + `OverallGoal`; `app/goals`; `hooks/use-exam-date-gate.ts` (AuthGuard redirects to `/goals?required=examDate`).,None for capture. Replanning on change is F-036.,Stage 1,Low
F-006,Country/regulator goal,Identity & onboarding,5,REQUIRED — current OET product / handover scope (SAMI PDF §16),IN SCOPE FOR FULL PROGRAM; deliver according to stage/non-goal gates unless explicitly deferred,Product + Frontend/Backend,TO VERIFY - developer after repository audit,Stage 1,Auth + learner profile schema,EXISTS,,"`LearnerGoal.TargetCountry`/`TargetOrganization`, `Services/TargetCountryOptions.cs`; Writing country-aware pass already depends on it.",None.,Stage 1,Low
F-007,Previous result capture,Identity & onboarding,5,REQUIRED — current OET product / handover scope (SAMI PDF §16),IN SCOPE FOR FULL PROGRAM; deliver according to stage/non-goal gates unless explicitly deferred,Product + Frontend/Backend,TO VERIFY - developer after repository audit,Stage 1,Auth + learner profile schema,PARTIAL,,"`LearnerGoal.PreviousAttempts`, `WeakSubtestsJson`, `ConfidenceLevel`; `LearnerExamOutcome` records admin-verified outcomes.",No learner-entered prior official per-subtest scores as a baseline record.,Stage 2,Low
F-008,Screenshot score import,Identity & onboarding,5,REQUIRED — current OET product / handover scope (SAMI PDF §16),IN SCOPE FOR FULL PROGRAM; deliver according to stage/non-goal gates unless explicitly deferred,Product + Frontend/Backend,TO VERIFY - developer after repository audit,Stage 1,Auth + learner profile schema,PARTIAL,SAMI Wave 1 2026-10-07: confirm-gated score recording path live (record->confirm later turn); image extraction lands with Wave 2 multimodal.,"OCR substrate exists: `Services/Ai/OcrService.cs`, `MistralOcrClient.cs`, `GeminiNativeProvider` multimodal.","The confirm-before-save path exists (`companion_record_scores` proposes, `companion_confirm_scores` writes only after the learner confirms — `Services/AiTools/Tools/CompanionMemoryTools.cs:14,52,124`). What is absent is a one-step import that pre-fills the fields from the image itself; the rendered-image scenarios have not been re-run on the frozen candidate build (D-SAMI-002 records the path working; Pack 3 outstanding).",Stage 2,Medium
F-009,Study availability,Identity & onboarding,5,REQUIRED — current OET product / handover scope (SAMI PDF §16),IN SCOPE FOR FULL PROGRAM; deliver according to stage/non-goal gates unless explicitly deferred,Product + Frontend/Backend,TO VERIFY - developer after repository audit,Stage 1,Auth + learner profile schema,EXISTS,"SAMI Wave 1 2026-10-07: CompanionAvailability (weekday minutes, night/long shifts, travel) + composer context + plan shaper.","`CompanionAvailability` (`Domain/CompanionMemoryEntities.cs:171-198`: per-weekday minutes, night-shift days, long-day-shift days, travel mode + minutes/day + travel-until, preferred study time) written through `ICompanionAvailabilityService` (`Services/Companion/CompanionMemoryService.cs:359-397`) by the `companion_set_availability` tool (`Services/AiTools/Tools/CompanionMemoryTools.cs:184`), and read by the composer, `Services/StudyPlan/StudyPlanAvailabilityShaper.cs` and `Services/Planner/NextBestActionService.cs`.",No days-off/leave calendar and no per-day preferred-time slots beyond a single preferred time. The older `LearnerGoal.StudyHoursPerWeek` capture still exists alongside it with no documented sync.,Stage 2,Medium
F-010,Language/code-switch preference,Identity & onboarding,5,REQUIRED — current OET product / handover scope (SAMI PDF §16),IN SCOPE FOR FULL PROGRAM; deliver according to stage/non-goal gates unless explicitly deferred,Product + Frontend/Backend,TO VERIFY - developer after repository audit,Stage 1,Auth + learner profile schema,PARTIAL,,"`LearnerUser.Locale`; `i18n.ts` SUPPORTED_LOCALES `[en, ar]`; `app/layout.tsx` sets `<html dir>`.",No per-learner or per-message code-switch preference for the companion.,Stage 1,Low
F-011,Teaching-style preference,Identity & onboarding,5,REQUIRED — current OET product / handover scope (SAMI PDF §16),IN SCOPE FOR FULL PROGRAM; deliver according to stage/non-goal gates unless explicitly deferred,Product + Frontend/Backend,TO VERIFY - developer after repository audit,Stage 1,Auth + learner profile schema,EXISTS,,`CompanionPreference` + `GET/PUT /v1/companion/preferences` + `CompanionPreferencesPanel.tsx`; consumed by `CompanionPromptComposer.AppendStyle`.,"Style is a fixed set of three, not free-text.",Stage 1,Low
F-012,Multiple historical exam journeys,Identity & onboarding,5,REQUIRED — current OET product / handover scope (SAMI PDF §16),IN SCOPE FOR FULL PROGRAM; deliver according to stage/non-goal gates unless explicitly deferred,Product + Frontend/Backend,TO VERIFY - developer after repository audit,Stage 1,Auth + learner profile schema,EXISTS,SAMI Wave 1 2026-10-07: multiple journeys supported; previous journeys remain readable for comparison.,"`LearnerGoal` holds the current goal; `CompanionJourney` (`Domain/CompanionMemoryEntities.cs:136`) records one row per journey with a round and `FocusSubtestsJson`, written by the `start_journey` companion tool (migration `20261007090000_AddCompanionMemoryErrorDna`).","Journeys are new rows and earlier ones stay readable (UAT Pack 2 Test 20 in `uat/results/UAT-REGISTER.md` created a third round while round 2 survived). Mastery/skill state stays learner-scoped, so a per-journey rollup is not available.",Stage 2,Medium
F-013,All approved Rule Books,Knowledge & grounding,6-7,REQUIRED — current OET product / handover scope (SAMI PDF §16),IN SCOPE FOR FULL PROGRAM; deliver according to stage/non-goal gates unless explicitly deferred,AI/RAG + Content Ops,TO VERIFY - developer after repository audit,Stage 1-2,Asset register + entitlements + approved sources,EXISTS,Stage 1 uses a limited approved corpus; Stage 2 expands full grounding.,"`CompanionRulebookIndexer` plus `CompanionCorpusBootstrapHostedService`, which indexes on first boot when the flag is on and the corpus is empty; `POST /v1/admin/companion/knowledge/reindex` for refreshes.","Bootstrap covers the 115 rulebooks. Course PDFs, videos and workshops remain Stage 2 content ops.",Stage 1,High
F-014,All relevant session transcripts,Knowledge & grounding,6-7,REQUIRED — current OET product / handover scope (SAMI PDF §16),IN SCOPE FOR FULL PROGRAM; deliver according to stage/non-goal gates unless explicitly deferred,AI/RAG + Content Ops,TO VERIFY - developer after repository audit,Stage 1-2,Asset register + entitlements + approved sources,PARTIAL,Stage 1 uses a limited approved corpus; Stage 2 expands full grounding.,"`LiveClassRecordingProcessingService` transcribes, summarises and embeds; `ClassRecordingEmbedding.EmbeddingJson` uses in-process cosine, not pgvector.",Session transcripts are still not CompanionSource rows -- live-class transcripts are chunked only into ClassRecordingEmbedding -- and the transcript/recording source types are now deliberately refused at retrieval. The vector(1536) half of the old gap is closed: CompanionChunk.Embedding is a pgvector Vector?.,Stage 2,Medium
F-015,Writing workshops,Knowledge & grounding,6-7,REQUIRED — current OET product / handover scope (SAMI PDF §16),IN SCOPE FOR FULL PROGRAM; deliver according to stage/non-goal gates unless explicitly deferred,AI/RAG + Content Ops,TO VERIFY - developer after repository audit,Stage 1-2,Asset register + entitlements + approved sources,DEFERRED_BY_SOURCE,"SUPERSEDED / NOT APPLICABLE AS A SAMI KNOWLEDGE SOURCE (owner directive 2026-10-09). Dr Ahmed Hesham's workshops are never indexed into Sami's knowledge base and are never retrievable as teaching content. Sami keeps navigation and entitlement awareness ONLY: that the resource exists, its title and category, where it lives in the platform, whether the candidate's package includes it, and a deep link to it. It must not transcribe, index, summarise, quote, reconstruct or answer 'what did Dr Ahmed say in this session' from workshop content, and this holds even when the candidate owns the course - ownership permits watching the resource on the platform, it does not make its contents available to Sami for reproduction. Enforced at the RETRIEVAL layer by CompanionContentBoundary.IsProtectedType, not only as a prompt instruction. The former Stage 2 content-ops ingestion path for this source type is cancelled.","Boundary implemented: `Services/Companion/CompanionContentBoundary.cs` (protected source-type fragments) applied in `CompanionRetriever` before entitlement scoping, so protected content cannot enter the candidate set; model-facing rules in `CompanionPromptComposer.AppendTeachingBoundaries`. Navigation metadata remains available via the `platform_map` source.",None outstanding as a knowledge source - the ingestion requirement is withdrawn by the owner. Remaining work is navigation/entitlement awareness only.,Stage 2,Medium
F-016,Speaking workshops,Knowledge & grounding,6-7,REQUIRED — current OET product / handover scope (SAMI PDF §16),IN SCOPE FOR FULL PROGRAM; deliver according to stage/non-goal gates unless explicitly deferred,AI/RAG + Content Ops,TO VERIFY - developer after repository audit,Stage 1-2,Asset register + entitlements + approved sources,DEFERRED_BY_SOURCE,"SUPERSEDED / NOT APPLICABLE AS A SAMI KNOWLEDGE SOURCE (owner directive 2026-10-09). Dr Ahmed Hesham's workshops are never indexed into Sami's knowledge base and are never retrievable as teaching content. Sami keeps navigation and entitlement awareness ONLY: that the resource exists, its title and category, where it lives in the platform, whether the candidate's package includes it, and a deep link to it. It must not transcribe, index, summarise, quote, reconstruct or answer 'what did Dr Ahmed say in this session' from workshop content, and this holds even when the candidate owns the course - ownership permits watching the resource on the platform, it does not make its contents available to Sami for reproduction. Enforced at the RETRIEVAL layer by CompanionContentBoundary.IsProtectedType, not only as a prompt instruction. The former Stage 2 content-ops ingestion path for this source type is cancelled.","Boundary implemented: `Services/Companion/CompanionContentBoundary.cs` (protected source-type fragments) applied in `CompanionRetriever` before entitlement scoping, so protected content cannot enter the candidate set; model-facing rules in `CompanionPromptComposer.AppendTeachingBoundaries`. Navigation metadata remains available via the `platform_map` source.",None outstanding as a knowledge source - the ingestion requirement is withdrawn by the owner. Remaining work is navigation/entitlement awareness only.,Stage 2,Medium
F-017,Correction sessions,Knowledge & grounding,6-7,REQUIRED — current OET product / handover scope (SAMI PDF §16),IN SCOPE FOR FULL PROGRAM; deliver according to stage/non-goal gates unless explicitly deferred,AI/RAG + Content Ops,TO VERIFY - developer after repository audit,Stage 1-2,Asset register + entitlements + approved sources,DEFERRED_BY_SOURCE,"SUPERSEDED / NOT APPLICABLE AS A SAMI KNOWLEDGE SOURCE (owner directive 2026-10-09). Dr Ahmed Hesham's workshops are never indexed into Sami's knowledge base and are never retrievable as teaching content. Sami keeps navigation and entitlement awareness ONLY: that the resource exists, its title and category, where it lives in the platform, whether the candidate's package includes it, and a deep link to it. It must not transcribe, index, summarise, quote, reconstruct or answer 'what did Dr Ahmed say in this session' from workshop content, and this holds even when the candidate owns the course - ownership permits watching the resource on the platform, it does not make its contents available to Sami for reproduction. Enforced at the RETRIEVAL layer by CompanionContentBoundary.IsProtectedType, not only as a prompt instruction. The former Stage 2 content-ops ingestion path for this source type is cancelled.","Boundary implemented: `Services/Companion/CompanionContentBoundary.cs` (protected source-type fragments) applied in `CompanionRetriever` before entitlement scoping, so protected content cannot enter the candidate set; model-facing rules in `CompanionPromptComposer.AppendTeachingBoundaries`. Navigation metadata remains available via the `platform_map` source.",None outstanding as a knowledge source - the ingestion requirement is withdrawn by the owner. Remaining work is navigation/entitlement awareness only.,Stage 2,Medium
F-018,Reading/Listening materials,Knowledge & grounding,6-7,REQUIRED — current OET product / handover scope (SAMI PDF §16),IN SCOPE FOR FULL PROGRAM; deliver according to stage/non-goal gates unless explicitly deferred,AI/RAG + Content Ops,TO VERIFY - developer after repository audit,Stage 1-2,Asset register + entitlements + approved sources,PARTIAL,Stage 1 uses a limited approved corpus; Stage 2 expands full grounding.,`ContentPaper`/`ContentPaperAsset`/`MediaAsset` with the `CandidateVisible` publish gate; entitlement-gated by `IContentEntitlementService`.,Served to learners but not chunked or retrievable by the companion.,Stage 2,Medium
F-019,Tutor Book,Knowledge & grounding,6-7,REQUIRED — current OET product / handover scope (SAMI PDF §16),IN SCOPE FOR FULL PROGRAM; deliver according to stage/non-goal gates unless explicitly deferred,AI/RAG + Content Ops,TO VERIFY - developer after repository audit,Stage 1-2,Asset register + entitlements + approved sources,PARTIAL,Stage 1 uses a limited approved corpus; Stage 2 expands full grounding.,"`Domain/TutorBookEntities.cs`, `Services/TutorBook/**`, 180-day fulfilment cap.",Not retrievable; recalls and updates are not indexed.,Stage 2,Medium
F-020,Dictionaries/common-word lists,Knowledge & grounding,6-7,REQUIRED — current OET product / handover scope (SAMI PDF §16),IN SCOPE FOR FULL PROGRAM; deliver according to stage/non-goal gates unless explicitly deferred,AI/RAG + Content Ops,TO VERIFY - developer after repository audit,Stage 1-2,Asset register + entitlements + approved sources,EXISTS,Stage 1 uses a limited approved corpus; Stage 2 expands full grounding.,"`SeedData.VocabularyBank*.cs`, `VocabularyService`, `VocabularyGlossService`, `app/vocabulary`.","None. CompanionVocabularyIndexer publishes the vocabulary recall sets as entitlement-scoped CompanionSources (free preview unscoped, paid behind ModuleKeys.Recalls), chunked per category and wired into CompanionCorpusBuilder.",Stage 2,Low
F-021,Recalls/practice banks,Knowledge & grounding,6-7,REQUIRED — current OET product / handover scope (SAMI PDF §16),IN SCOPE FOR FULL PROGRAM; deliver according to stage/non-goal gates unless explicitly deferred,AI/RAG + Content Ops,TO VERIFY - developer after repository audit,Stage 1-2,Asset register + entitlements + approved sources,PARTIAL,Stage 1 uses a limited approved corpus; Stage 2 expands full grounding.,"`Services/Recalls/**`, `RecallSetCodes.cs`, `RecallSetTagEntity.cs`; a `search_recall_set` learner tool already exists in `Services/AiTools/Tools/BuiltInTools.cs`.",search_recall_set is still granted to no feature (it was absent from CompanionToolCodes) -- now fixed in this change; recall-set CONTENT was already citable via CompanionVocabularyIndexer.,Stage 2,Medium
F-022,Video timestamp index,Knowledge & grounding,6-7,REQUIRED — current OET product / handover scope (SAMI PDF §16),IN SCOPE FOR FULL PROGRAM; deliver according to stage/non-goal gates unless explicitly deferred,AI/RAG + Content Ops,TO VERIFY - developer after repository audit,Stage 1-2,Asset register + entitlements + approved sources,DEFERRED_BY_SOURCE,Stage 1 uses a limited approved corpus; Stage 2 expands full grounding.,"`LibraryVideo`, `VideoCaptionTrack`, `VideoCategory` in `Domain/VideoLibraryEntities.cs`; live-class transcripts carry timestamps.","Out of scope by owner decision: the course video library, its transcripts and timestamp deep links are not companion knowledge sources. Recorded in code by CompanionKnowledgeGovernance.NotIngested, and video/audio/transcript/recording source types are refused at retrieval by CompanionContentBoundary.",Stage 2,Medium
F-023,Platform navigation map,Knowledge & grounding,6-7,REQUIRED — current OET product / handover scope (SAMI PDF §16),IN SCOPE FOR FULL PROGRAM; deliver according to stage/non-goal gates unless explicitly deferred,AI/RAG + Content Ops,TO VERIFY - developer after repository audit,Stage 1-2,Asset register + entitlements + approved sources,EXISTS,Stage 1 uses a limited approved corpus; Stage 2 expands full grounding.,"`Services/Companion/CompanionDestinationRegistry.cs` — closed catalog of learner routes with entitlement, feature-flag and profession gating; resolved through `PlatformLinkService.BuildWebUrl`.","Catalog is hand-maintained: adding a learner route requires a registry row. The `CompanionDestinationSecurityTests` suite that locked id uniqueness, path shape and retired-id integrity was deleted with all other test code on 2026-10-08 (owner directive), so the invariant is owner-QA only — the registry is not test-enforced.",Stage 1,High
F-024,Support/FAQ knowledge,Knowledge & grounding,6-7,REQUIRED — current OET product / handover scope (SAMI PDF §16),IN SCOPE FOR FULL PROGRAM; deliver according to stage/non-goal gates unless explicitly deferred,AI/RAG + Content Ops,TO VERIFY - developer after repository audit,Stage 1-2,Asset register + entitlements + approved sources,EXISTS,Stage 1 uses a limited approved corpus; Stage 2 expands full grounding.,`AssistantCitationsResolved` hub event + `AiAssistantMessage.CitationsJson` (migration `20261221090000`); rendered by `CitationList` in `AiAssistantMessages.tsx` on both the widget and `/companion`.,"Citations name the source, rule heading and page/timestamp. They deliberately carry no source text — a citation list must not become a second delivery channel for paid material.",Stage 1,Medium
F-025,Official current exam sources,Knowledge & grounding,6-7,REQUIRED — current OET product / handover scope (SAMI PDF §16),IN SCOPE FOR FULL PROGRAM; deliver according to stage/non-goal gates unless explicitly deferred,AI/RAG + Content Ops,TO VERIFY - developer after repository audit,Stage 1-2,Asset register + entitlements + approved sources,EXISTS,Stage 1 uses a limited approved corpus; Stage 2 expands full grounding.,"Each citation carries its `authority` class, rendered as a distinct label (Official exam fact vs Dr Hesham’s method vs Profession rulebook) so the two kinds of claim never read alike.",Labels live in the component rather than the i18n bundle; Arabic renders the English label.,Stage 2,High
F-026,Source hierarchy,Knowledge & grounding,6-7,REQUIRED — current OET product / handover scope (SAMI PDF §16),IN SCOPE FOR FULL PROGRAM; deliver according to stage/non-goal gates unless explicitly deferred,AI/RAG + Content Ops,TO VERIFY - developer after repository audit,Stage 1-2,Asset register + entitlements + approved sources,EXISTS,Stage 1 uses a limited approved corpus; Stage 2 expands full grounding.,`CompanionRetriever` authority precedence: official fact > Dr Hesham method > profession rule > newest approved version. Authority class rendered per citation in the UI.,Precedence is fixed in code rather than admin-editable.,Stage 1,High
F-027,Content versioning,Knowledge & grounding,6-7,REQUIRED — current OET product / handover scope (SAMI PDF §16),IN SCOPE FOR FULL PROGRAM; deliver according to stage/non-goal gates unless explicitly deferred,AI/RAG + Content Ops,TO VERIFY - developer after repository audit,Stage 1-2,Asset register + entitlements + approved sources,PARTIAL,Stage 1 uses a limited approved corpus; Stage 2 expands full grounding.,`RulebookVersions` + `RulebookSectionRows`/`RulebookRuleRows`; `ContentPaper` publish + `CandidateVisible`.,"No knowledge-release object binding source versions, index, evaluation report and rollback target.",Stage 1,Medium
F-028,Teacher override,Knowledge & grounding,6-7,REQUIRED — current OET product / handover scope (SAMI PDF §16),IN SCOPE FOR FULL PROGRAM; deliver according to stage/non-goal gates unless explicitly deferred,AI/RAG + Content Ops,TO VERIFY - developer after repository audit,Stage 1-2,Asset register + entitlements + approved sources,PARTIAL,Stage 1 uses a limited approved corpus; Stage 2 expands full grounding.,`Services/Rulebooks/RulebookAdminService.cs` supports admin edit/approve/publish with audit.,"No companion-scoped override carrying approver, effective dates and change reason.",Stage 2,Medium
F-029,Conflict detection,Knowledge & grounding,6-7,REQUIRED — current OET product / handover scope (SAMI PDF §16),IN SCOPE FOR FULL PROGRAM; deliver according to stage/non-goal gates unless explicitly deferred,AI/RAG + Content Ops,TO VERIFY - developer after repository audit,Stage 1-2,Asset register + entitlements + approved sources,EXISTS,Stage 1 uses a limited approved corpus; Stage 2 expands full grounding.,"`CompanionRetrievalResult.AuthorityConflict`; the prompt instructs the model to SURFACE the conflict and follow the official fact, never blend.",Detection is authority-class based; it does not detect two sources of equal authority contradicting each other.,Stage 1,High
F-030,Initial diagnostic,Planning & memory,8-9,REQUIRED — current OET product / handover scope (SAMI PDF §16),IN SCOPE FOR FULL PROGRAM; deliver according to stage/non-goal gates unless explicitly deferred,AI + Backend,TO VERIFY - developer after repository audit,Stage 2,Learner profile + event/memory store,PARTIAL,,"Listening/Reading/Writing pathway generators; `AdaptiveDifficultyService` (Elo, K=32, seed 1500) establishes a starting skill level.",No companion-led diagnostic conversation that seeds the plan.,Stage 2,Medium
F-031,Daily plan,Planning & memory,8-9,REQUIRED — current OET product / handover scope (SAMI PDF §16),IN SCOPE FOR FULL PROGRAM; deliver according to stage/non-goal gates unless explicitly deferred,AI + Backend,TO VERIFY - developer after repository audit,Stage 2,Learner profile + event/memory store,EXISTS,,"`IStudyPlanGenerator`/`StudyPlanGenerator` with `ContentPicker`, `RationaleBuilder`, `ReviewItemInjector`, `StudyPlanEntitlementResolver`, `GenerationInputsHasher`; `StudyPlanTemplateWeek`/`Days`; `app/study-plan`.",None. Companion exposes this as a read tool rather than re-implementing planning.,Stage 1,Low
F-032,Weekly plan,Planning & memory,8-9,REQUIRED — current OET product / handover scope (SAMI PDF §16),IN SCOPE FOR FULL PROGRAM; deliver according to stage/non-goal gates unless explicitly deferred,AI + Backend,TO VERIFY - developer after repository audit,Stage 2,Learner profile + event/memory store,EXISTS,,"`IStudyPlanGenerator`/`StudyPlanGenerator` with `ContentPicker`, `RationaleBuilder`, `ReviewItemInjector`, `StudyPlanEntitlementResolver`, `GenerationInputsHasher`; `StudyPlanTemplateWeek`/`Days`; `app/study-plan`.",None. Companion exposes this as a read tool rather than re-implementing planning.,Stage 1,Low
F-033,30/60/90-day plans,Planning & memory,8-9,REQUIRED — current OET product / handover scope (SAMI PDF §16),IN SCOPE FOR FULL PROGRAM; deliver according to stage/non-goal gates unless explicitly deferred,AI + Backend,TO VERIFY - developer after repository audit,Stage 2,Learner profile + event/memory store,EXISTS,,"`StudyPlanTemplateSeeder` ships `free-8wk-standard` (6-10wk), `premium-12wk-targeted` (10-16wk), `premium-4wk-retake` (2-5wk); `SamiPlanTemplateSeeder` adds the near-exam and single-subtest templates; `StudyPlanTemplateSelector` matches on the computed week range.","None. SamiPlanTemplateSeeder ships a distinct sami-30day / sami-60day / sami-90day set (4-5 / 8-9 / 12-13 weeks) selected by the computed weeks-to-exam window, with a different phase arc per horizon rather than one plan at three lengths.",Stage 2,Low
F-034,14/7/3-day plans,Planning & memory,8-9,REQUIRED — current OET product / handover scope (SAMI PDF §16),IN SCOPE FOR FULL PROGRAM; deliver according to stage/non-goal gates unless explicitly deferred,AI + Backend,TO VERIFY - developer after repository audit,Stage 2,Learner profile + event/memory store,EXISTS,"SAMI Wave 1 2026-10-07: templates sami-emergency-7d (1-2wk), sami-final-3d (1wk), sami-intensive-14d (2wk) seeded idempotently; NBA drives near-exam behaviour.","`SamiPlanTemplateSeeder` seeds idempotently: `tmpl-sami-intensive-14d` (14 days), `tmpl-sami-emergency-7d` (7 days), `tmpl-sami-final-3d` (3-day horizon), `tmpl-sami-exam-eve` (final 24h) plus `tmpl-sami-single-subtest` and `tmpl-sami-20min` (`Services/StudyPlan/SamiPlanTemplateSeeder.cs:59-375`; `PROGRAM-STATUS.md` Wave 1 records the `tmpl-sami-*` rows verified in production).","None recorded after the Wave 1 seeder. The previous gap — ""nothing below 2 weeks exists"" — described the pre-SAMI seeder and is no longer true.",Stage 2,Medium
F-035,Exam-eve plan,Planning & memory,8-9,REQUIRED — current OET product / handover scope (SAMI PDF §16),IN SCOPE FOR FULL PROGRAM; deliver according to stage/non-goal gates unless explicitly deferred,AI + Backend,TO VERIFY - developer after repository audit,Stage 2,Learner profile + event/memory store,EXISTS,"SAMI Wave 1 2026-10-07: sami-exam-eve template (final 24h, no new content) + NBA exam<=3d rehearsal branch.","`tmpl-sami-exam-eve` (""SAMI — Exam Eve / Final 24 Hours"", MinWeeks = MaxWeeks = 1) in `Services/StudyPlan/SamiPlanTemplateSeeder.cs:115-162`, selected by `StudyPlanTemplateSelector` from the computed week range.","No separate logistics-checklist artefact: the exam-eve shape is a plan template plus the NBA's near-exam branch, not a distinct ""24 hours"" mode.",Stage 2,Low
F-036,Missed-day replanning,Planning & memory,8-9,REQUIRED — current OET product / handover scope (SAMI PDF §16),IN SCOPE FOR FULL PROGRAM; deliver according to stage/non-goal gates unless explicitly deferred,AI + Backend,TO VERIFY - developer after repository audit,Stage 2,Learner profile + event/memory store,EXISTS,"SAMI Wave 1 2026-10-07: StudyPlanAvailabilityShaper moves overdue/not-started items to the next day with capacity, capped; never stacks a backlog.",`app/study-plan/drift` surface exists; `StudyPlanGenerator` + `GenerationInputsHasher` make regeneration reproducible from stored inputs.,Verify drift triggers a real replan that explains dropped or delayed items instead of carrying all overdue work.,Stage 2,Medium
F-037,Shift-worker planning,Planning & memory,8-9,REQUIRED — current OET product / handover scope (SAMI PDF §16),IN SCOPE FOR FULL PROGRAM; deliver according to stage/non-goal gates unless explicitly deferred,AI + Backend,TO VERIFY - developer after repository audit,Stage 2,Learner profile + event/memory store,EXISTS,"SAMI Wave 1 2026-10-07: night-shift days = 0 minutes, long-day shifts halve capacity; shaper + composer carry the shift model.","`CompanionAvailability.NightShiftDaysJson` / `LongDayShiftDaysJson` (`Domain/CompanionMemoryEntities.cs:180-184`), applied by `Services/StudyPlan/StudyPlanAvailabilityShaper.cs:17-111` — tasks on night-shift days move to the next day with capacity, long-shift days keep at most half, and Completed/InProgress work is never moved.",Shift awareness lives on `CompanionAvailability`; there is no shift roster or per-day shift pattern beyond the night/long-day flags.,Stage 2,Medium
F-038,Travel-aware replanning,Planning & memory,8-9,REQUIRED — current OET product / handover scope (SAMI PDF §16),IN SCOPE FOR FULL PROGRAM; deliver according to stage/non-goal gates unless explicitly deferred,AI + Backend,TO VERIFY - developer after repository audit,Stage 2,Learner profile + event/memory store,EXISTS,"SAMI Wave 1 2026-10-07: travel mode drops new-content slots, keeps spaced reviews at travel minutes/day.","`CompanionAvailability.TravelMode` / `TravelModeMinutesPerDay` / `TravelUntil` (`Domain/CompanionMemoryEntities.cs:186-191`); `Services/StudyPlan/StudyPlanAvailabilityShaper.cs:66-69` drops new-content items in travel mode while keeping spaced reviews, and the NBA/composer read the same model.",Travel mode is a boolean with minutes/day and an end date; there is no leave calendar and no automatic entry/exit from travel mode.,Stage 2,Medium
F-039,What should I do now?,Planning & memory,8-9,REQUIRED — current OET product / handover scope (SAMI PDF §16),IN SCOPE FOR FULL PROGRAM; deliver according to stage/non-goal gates unless explicitly deferred,AI + Backend,TO VERIFY - developer after repository audit,Stage 2,Learner profile + event/memory store,EXISTS,SAMI Wave 1 2026-10-07: companion_next_best_action tool; deterministic evidence-first engine.,`LearnerActionsService.GetNextActionsAsync` / `GetReadinessBlockersAsync`; `app/next-actions`; `ContentPicker` + `RationaleBuilder` supply the eligible target and a stored rationale.,None for the engine. Companion surfaces it conversationally and adds the one-click action (F-100).,Stage 1,Low
F-040,Next-best-action engine,Planning & memory,8-9,REQUIRED — current OET product / handover scope (SAMI PDF §16),IN SCOPE FOR FULL PROGRAM; deliver according to stage/non-goal gates unless explicitly deferred,AI + Backend,TO VERIFY - developer after repository audit,Stage 2,Learner profile + event/memory store,EXISTS,SAMI Wave 1 2026-10-07: NextBestActionService: exam proximity > due Error DNA reviews > plan item > weakness drill > honest diagnostic.,`LearnerActionsService.GetNextActionsAsync` / `GetReadinessBlockersAsync`; `app/next-actions`; `ContentPicker` + `RationaleBuilder` supply the eligible target and a stored rationale.,None for the engine. Companion surfaces it conversationally and adds the one-click action (F-100).,Stage 1,Low
F-041,Conversation memory,Planning & memory,8-9,REQUIRED — current OET product / handover scope (SAMI PDF §16),IN SCOPE FOR FULL PROGRAM; deliver according to stage/non-goal gates unless explicitly deferred,AI + Backend,TO VERIFY - developer after repository audit,Stage 2,Learner profile + event/memory store,EXISTS,"D-SAMI-001 fix (commit `8cd4ad338`): an empty provider completion is no longer persisted as a silent empty answer — it becomes a retryable `AssistantTurnError` (`AiAssistantOrchestrator.cs:304-315`), and tool-iteration exhaustion is persisted as a real answer (`AiAssistantOrchestrator.cs:394-421`).",`AiAssistantThread`/`AiAssistantMessage` persist server-side; `ArchiveThreadAsync` clears; SignalR rehydrates across devices.,"No compaction budget, so long threads grow token cost without bound.",Stage 1,Medium
F-042,Learning memory,Planning & memory,8-9,REQUIRED — current OET product / handover scope (SAMI PDF §16),IN SCOPE FOR FULL PROGRAM; deliver according to stage/non-goal gates unless explicitly deferred,AI + Backend,TO VERIFY - developer after repository audit,Stage 2,Learner profile + event/memory store,PARTIAL,,"Evidence is spread across attempts, evaluations, `LearnerSkillProfile`, `ReviewItem` and tutor feedback.","No structured learning memory with provenance, confidence and a user correction path.",Stage 1,High
F-043,Journey memory,Planning & memory,8-9,REQUIRED — current OET product / handover scope (SAMI PDF §16),IN SCOPE FOR FULL PROGRAM; deliver according to stage/non-goal gates unless explicitly deferred,AI + Backend,TO VERIFY - developer after repository audit,Stage 2,Learner profile + event/memory store,EXISTS,SAMI Wave 1 2026-10-07: CompanionJourneys + journey memory layer; start_journey preserves history.,"`CompanionJourney` + `ICompanionJourneyService` (`Services/Companion/CompanionMemoryService.cs:308`; entity `Domain/CompanionMemoryEntities.cs:136`), written by the `start_journey` companion tool; migration `20261007090000_AddCompanionMemoryErrorDna`.","No journey-scoped mastery record: skill/mastery stays on the learner, so ""what has worked for this learner over time"" is read from memory entries, Error DNA and attempts rather than a per-journey rollup.",Stage 2,Medium
F-044,Error DNA,Planning & memory,8-9,REQUIRED — current OET product / handover scope (SAMI PDF §16),IN SCOPE FOR FULL PROGRAM; deliver according to stage/non-goal gates unless explicitly deferred,AI + Backend,TO VERIFY - developer after repository audit,Stage 2,Learner profile + event/memory store,PARTIAL,"SAMI Wave 1 2026-10-07: ErrorDnaService (upsert-by-pattern, mastery, review ladder) + train_mistakes tool live; automated evidence feeders from graded attempts land with the tutoring waves.","Substrate exists: `ReviewItem`, `SpacedRepetitionEntities`, escalations, rule ids on rulebook findings.","No error taxonomy, occurrence/trend counts, mark-impact evidence or remediation state.",Stage 2,High
F-045,Learning Fingerprint,Planning & memory,8-9,REQUIRED — current OET product / handover scope (SAMI PDF §16),IN SCOPE FOR FULL PROGRAM; deliver according to stage/non-goal gates unless explicitly deferred,AI + Backend,TO VERIFY - developer after repository audit,Stage 3,Learner profile + event/memory store,EXISTS,,Nothing derives explainable learner traits.,"None. companion_learning_fingerprint is live: answer-change (ReadingAnswerRevision, with revisions = changes + 1 so ""changed"" is revisionCount >= 2), pace against the learner's own median, distractor pattern and the knowledge-vs-confidence/pace separation, all Reading-scoped and honest-empty when data is thin.",Stage 3,Low
F-046,Spaced reinforcement,Planning & memory,8-9,REQUIRED — current OET product / handover scope (SAMI PDF §16),IN SCOPE FOR FULL PROGRAM; deliver according to stage/non-goal gates unless explicitly deferred,AI + Backend,TO VERIFY - developer after repository audit,Stage 2,Learner profile + event/memory store,EXISTS,SAMI Wave 1 2026-10-07: expanding-interval review ladder + due-review scans wired into NBA; practice-loop review outcomes pending.,"`SpacedRepetitionService`, `Sm2Scheduler`, `ReviewItem`, `ReviewItemInjector`, `app/review`, vocabulary flashcards.","None outstanding for scheduling itself. Corrected: the previous gap text claimed ""never a parallel scheduler"", but ErrorDnaService runs its own 1/3/7/14/30-day expanding-interval ladder alongside Sm2Scheduler. The status/gap pair was internally inconsistent and the claim was inaccurate.",Stage 1,Low
F-047,Memory controls/export/delete,Planning & memory,8-9,REQUIRED — current OET product / handover scope (SAMI PDF §16),IN SCOPE FOR FULL PROGRAM; deliver according to stage/non-goal gates unless explicitly deferred,AI + Backend,TO VERIFY - developer after repository audit,Stage 2,Learner profile + event/memory store,EXISTS,"SAMI Wave 1 2026-10-07: scoped entry delete (DELETE /v1/companion/memory/entries/{id}), full export, notes/bookmarks unchanged.","`GET/DELETE /v1/companion/memory`, `GET /v1/companion/memory/export` (JSON download), per-item delete (entries/notes/bookmarks) and full reset; UI in `components/domain/companion/CompanionMemoryPanel.tsx`; the queries are scoped by `CompanionAccessResolver.CompanionFeatureCodes`, so a note authored by another AI feature is not the companion's. The `CompanionMemoryIsolationTests` that locked those predicates were deleted with the rest of the test code on 2026-10-08; owner-QA only.",Correction is delete-and-resave rather than edit-in-place; the export carries no user identifiers by design.,Stage 1,High
F-048,Quick answer,Tutoring,10-14,REQUIRED — current OET product / handover scope (SAMI PDF §16),IN SCOPE FOR FULL PROGRAM; deliver according to stage/non-goal gates unless explicitly deferred,AI + Pedagogy,TO VERIFY - developer after repository audit,Stage 2,Approved pedagogy + retrieval + evaluation,EXISTS,"Answer depth is a saved learner preference (`CompanionExplanationDepth.Brief`), applied to every Sami turn — the same mechanism this register already credits for F-050/F-052.","`CompanionPreference.Depth` (`Domain/CompanionPreferenceEntities.cs:26-31,46`), saved by `PUT /v1/companion/preferences` (`Endpoints/CompanionLearnerEndpoints.cs:192-205`), exposed in `components/domain/companion/CompanionPreferencesPanel.tsx:24-27,106-119`, applied to the prompt by `Services/Companion/CompanionPromptComposer.cs:414-419`.","Depth is a saved mode, not a per-message ""quick answer"" toggle; the answer still comes from the same grounded composer (authority-labelled evidence block + `[S#]` citations). Known open defect D-SAMI-003: the heaviest max-effort turns can still exhaust the 32,768-token ceiling and are refused as provider-busy.",Stage 1,High
F-049,Detailed tutor,Tutoring,10-14,REQUIRED — current OET product / handover scope (SAMI PDF §16),IN SCOPE FOR FULL PROGRAM; deliver according to stage/non-goal gates unless explicitly deferred,AI + Pedagogy,TO VERIFY - developer after repository audit,Stage 2,Approved pedagogy + retrieval + evaluation,EXISTS,"Answer depth is a saved learner preference (`CompanionExplanationDepth.Deep`), applied to every Sami turn; the previous evidence note (""no rulebook grounding, no citations"") was stale.","`CompanionPreference.Depth` (`Domain/CompanionPreferenceEntities.cs:26-31,46`) with `Deep` = rule + rationale + worked example + common mistake (`Services/Companion/CompanionPromptComposer.cs:414-419`); saved through `PUT /v1/companion/preferences` and chosen in `CompanionPreferencesPanel.tsx`. Grounding is the shared companion composer: authority-labelled evidence + citations (`CompanionRetriever`, `CitationList`).","There is no separate ""detailed tutor"" persona or per-message depth switch — depth is one saved preference. Known open defects: D-SAMI-003 (heaviest turns still hit the 32,768-token ceiling, refused as provider-busy) and D-SAMI-004 (a completed answer can be persisted without the completion reaching the client; intermittent, not root-caused).",Stage 1,High
F-050,Socratic tutor,Tutoring,10-14,REQUIRED — current OET product / handover scope (SAMI PDF §16),IN SCOPE FOR FULL PROGRAM; deliver according to stage/non-goal gates unless explicitly deferred,AI + Pedagogy,TO VERIFY - developer after repository audit,Stage 2,Approved pedagogy + retrieval + evaluation,EXISTS,,"`CompanionTeachingStyle.Socratic` — prompt leads with a question, answers after an attempt. Safety, exam-rule and deadline facts are explicitly exempt from being withheld.",No adaptive switch based on learner frustration.,Stage 2,Low
F-051,Examiner mode,Tutoring,10-14,REQUIRED — current OET product / handover scope (SAMI PDF §16),IN SCOPE FOR FULL PROGRAM; deliver according to stage/non-goal gates unless explicitly deferred,AI + Pedagogy,TO VERIFY - developer after repository audit,Stage 2,Approved pedagogy + retrieval + evaluation,PARTIAL,,"Examiner behaviour exists in grading: `WritingRuleEngine`, `SpeakingRuleEngine`, `SpeakingEvaluationPipeline`, `_exam-mode` rulebooks.",Not exposed as a conversational examiner mode.,Stage 2,Low
F-052,Coach mode,Tutoring,10-14,REQUIRED — current OET product / handover scope (SAMI PDF §16),IN SCOPE FOR FULL PROGRAM; deliver according to stage/non-goal gates unless explicitly deferred,AI + Pedagogy,TO VERIFY - developer after repository audit,Stage 2,Approved pedagogy + retrieval + evaluation,EXISTS,,"`CompanionTeachingStyle.Coaching` — strengths, one highest-impact change, one next action; instructed to stay honest rather than inflate progress.",Does not yet pull the readiness engine into the coaching frame.,Stage 2,Low
F-053,Dr Hesham mode,Tutoring,10-14,REQUIRED — current OET product / handover scope (SAMI PDF §16),IN SCOPE FOR FULL PROGRAM; deliver according to stage/non-goal gates unless explicitly deferred,AI + Pedagogy,TO VERIFY - developer after repository audit,Stage 2,Approved pedagogy + retrieval + evaluation,PARTIAL,,The 115 rulebooks are the Dr Hesham method and already drive `RulebookPromptBuilder` grounding for grading features.,"Not selectable as a companion mode, and not applied to companion chat at all today.",Stage 1,High
F-054,Arabic explanation,Tutoring,10-14,REQUIRED — current OET product / handover scope (SAMI PDF §16),IN SCOPE FOR FULL PROGRAM; deliver according to stage/non-goal gates unless explicitly deferred,AI + Pedagogy,TO VERIFY - developer after repository audit,Stage 2,Approved pedagogy + retrieval + evaluation,EXISTS,"The companion's Arabic branch replies in Arabic while keeping English medical/OET terminology in English and matches code-switching, which is what this feature asks for; live record: `uat-pack1-candidate-0482ca9bf.json` Pack 1 Test 16 (BILINGUAL) returned a substantive Arabic explanation of Reading Part C inference on build 0482ca9bf.",`Services/Companion/CompanionPromptComposer.cs:426-438` (Arabic reply with English clinical/exam terms; language-match branch; `CompanionPreference.EnglishOnly` opt-out); `messages/ar/companion.json` and `messages/en/companion.json`; `i18n.ts` `ar` locale + `dir` switch in `app/layout.tsx`.,"The Arabic behaviour is prompt-level, not a translation layer: an Arabic answer is only as grounded as the English evidence it cites, and there is no Arabic knowledge corpus. It follows the learner's locale and message language rather than a per-message switch.",Stage 2,Medium
F-055,English-only mode,Tutoring,10-14,REQUIRED — current OET product / handover scope (SAMI PDF §16),IN SCOPE FOR FULL PROGRAM; deliver according to stage/non-goal gates unless explicitly deferred,AI + Pedagogy,TO VERIFY - developer after repository audit,Stage 2,Approved pedagogy + retrieval + evaluation,EXISTS,,"`CompanionPreference.EnglishOnly` — replies in English even to Arabic input, rephrasing more simply rather than translating. Opt-in.",None.,Stage 2,Low
F-056,Adaptive drill generator,Tutoring,10-14,REQUIRED — current OET product / handover scope (SAMI PDF §16),IN SCOPE FOR FULL PROGRAM; deliver according to stage/non-goal gates unless explicitly deferred,AI + Pedagogy,TO VERIFY - developer after repository audit,Stage 2,Approved pedagogy + retrieval + evaluation,EXISTS,,"`WritingDrill`, `SpeakingDrillItem`, `RemediationPlanService`, `RemediationCatalog`, `AdaptiveDifficultyService`.","None. companion_train_mistakes builds a drill from the learner's own evidenced ErrorDnaEntry rows, with per-category prompts and an honest empty case, granted and reachable on the learner turn.",Stage 2,Medium
F-057,Micro-lessons,Tutoring,10-14,REQUIRED — current OET product / handover scope (SAMI PDF §16),IN SCOPE FOR FULL PROGRAM; deliver according to stage/non-goal gates unless explicitly deferred,AI + Pedagogy,TO VERIFY - developer after repository audit,Stage 4-5,Approved pedagogy + retrieval + evaluation,DEFERRED_BY_SOURCE,,"Grammar lessons exist (`app/grammar/[lessonId]`, `Services/Grammar/**`).","Appendix places micro-lessons at Stage 4-5 (DEC-004). Kept in backlog, not dropped.",Stage 4-5,Low
F-058,Grammar tutor,Tutoring,10-14,REQUIRED — current OET product / handover scope (SAMI PDF §16),IN SCOPE FOR FULL PROGRAM; deliver according to stage/non-goal gates unless explicitly deferred,AI + Pedagogy,TO VERIFY - developer after repository audit,Stage 2,Approved pedagogy + retrieval + evaluation,EXISTS,,"`Services/Grammar/{GrammarRulebookService,GrammarDraftService,GrammarEntitlementService,GrammarPublishGateService}`; `app/grammar`; grammar rulebooks for 7 professions; `SeedData.GrammarSpecs1-4`.",Not yet reachable from the companion as a tool.,Stage 1,Low
F-059,Vocabulary brain,Tutoring,10-14,REQUIRED — current OET product / handover scope (SAMI PDF §16),IN SCOPE FOR FULL PROGRAM; deliver according to stage/non-goal gates unless explicitly deferred,AI + Pedagogy,TO VERIFY - developer after repository audit,Stage 2,Approved pedagogy + retrieval + evaluation,EXISTS,,"`VocabularyService`, `VocabularyGlossService`, `app/vocabulary/{browse,flashcards,quiz}`, SM-2 scheduling, `lookup_vocabulary_term` tool.",Not yet granted to a companion feature code.,Stage 1,Low
F-060,Writing guided mode,Tutoring,10-14,REQUIRED — current OET product / handover scope (SAMI PDF §16),IN SCOPE FOR FULL PROGRAM; deliver according to stage/non-goal gates unless explicitly deferred,AI + Pedagogy,TO VERIFY - developer after repository audit,Stage 2,Approved pedagogy + retrieval + evaluation,PARTIAL,,`WritingCoachService` (597 lines) + `WritingCoachHub` stream inline suggestions; feature codes `writing.coach.suggest` and `writing.coach.explain`.,"Guided, hint and compare modes are not distinct behaviours and are not companion-addressable.",Stage 2,Medium
F-061,Writing hint mode,Tutoring,10-14,REQUIRED — current OET product / handover scope (SAMI PDF §16),IN SCOPE FOR FULL PROGRAM; deliver according to stage/non-goal gates unless explicitly deferred,AI + Pedagogy,TO VERIFY - developer after repository audit,Stage 2,Approved pedagogy + retrieval + evaluation,PARTIAL,,`WritingCoachService` (597 lines) + `WritingCoachHub` stream inline suggestions; feature codes `writing.coach.suggest` and `writing.coach.explain`.,"Guided, hint and compare modes are not distinct behaviours and are not companion-addressable.",Stage 2,Medium
F-062,Writing correction,Tutoring,10-14,REQUIRED — current OET product / handover scope (SAMI PDF §16),IN SCOPE FOR FULL PROGRAM; deliver according to stage/non-goal gates unless explicitly deferred,AI + Pedagogy,TO VERIFY - developer after repository audit,Stage 2,Approved pedagogy + retrieval + evaluation,EXISTS,,"`WritingSubmissionEvaluationPipeline`, `WritingRuleEngine`, `WritingAssessmentPreflightService`; rule-cited corrections.",None. Companion links to it rather than re-grading.,Stage 1,Low
F-063,Writing compare/rewrite,Tutoring,10-14,REQUIRED — current OET product / handover scope (SAMI PDF §16),IN SCOPE FOR FULL PROGRAM; deliver according to stage/non-goal gates unless explicitly deferred,AI + Pedagogy,TO VERIFY - developer after repository audit,Stage 2,Approved pedagogy + retrieval + evaluation,PARTIAL,,`WritingCoachService` (597 lines) + `WritingCoachHub` stream inline suggestions; feature codes `writing.coach.suggest` and `writing.coach.explain`.,"Guided, hint and compare modes are not distinct behaviours and are not companion-addressable.",Stage 2,Medium
F-064,Writing scoring/criteria feedback,Tutoring,10-14,REQUIRED — current OET product / handover scope (SAMI PDF §16),IN SCOPE FOR FULL PROGRAM; deliver according to stage/non-goal gates unless explicitly deferred,AI + Pedagogy,TO VERIFY - developer after repository audit,Stage 2,Approved pedagogy + retrieval + evaluation,EXISTS,,Criterion feedback plus scaled score via `OetScoring` (anchor 30/42 == 350/500); Writing country-aware pass.,The existing graded product is unaffected. The calibration gate (TV-006/TV-007) applies to *companion-asserted* bands only.,Stage 1,Medium
F-065,Speaking voice role play,Tutoring,10-14,REQUIRED — current OET product / handover scope (SAMI PDF §16),IN SCOPE FOR FULL PROGRAM; deliver according to stage/non-goal gates unless explicitly deferred,AI + Pedagogy,TO VERIFY - developer after repository audit,Stage 3,Approved pedagogy + retrieval + evaluation,EXISTS,,"`Services/Conversation/**` full voice role-play: ASR (Azure/Deepgram/Whisper/ElevenLabs), TTS (ElevenLabs), `ConversationHub`, `ConversationAiOrchestrator`, `docs/CONVERSATION.md`.",Source places this at Stage 3; this repo already ships it. Companion must not duplicate or absorb it.,Shipped,Low
F-066,Speaking difficult-patient modes,Tutoring,10-14,REQUIRED — current OET product / handover scope (SAMI PDF §16),IN SCOPE FOR FULL PROGRAM; deliver according to stage/non-goal gates unless explicitly deferred,AI + Pedagogy,TO VERIFY - developer after repository audit,Stage 2,Approved pedagogy + retrieval + evaluation,PARTIAL,,"`Services/Speaking/SpeakingSimulationV11PersonaService.cs`, `ConversationTemplate` scenarios, interlocutor scripts.","Difficulty personalities are not a documented, selectable matrix.",Stage 2,Low
F-067,Speaking pronunciation/fluency analysis,Tutoring,10-14,REQUIRED — current OET product / handover scope (SAMI PDF §16),IN SCOPE FOR FULL PROGRAM; deliver according to stage/non-goal gates unless explicitly deferred,AI + Pedagogy,TO VERIFY - developer after repository audit,Stage 2,Approved pedagogy + retrieval + evaluation,EXISTS,,"`PronunciationService`, `Services/Pronunciation/**`, Azure phoneme + Gemini native-audio scoring, `rulebooks/pronunciation/**` for 10 professions.",Scope must stay within the validated pronunciation feature set (TV-011).,Shipped,Low
F-068,Reading Part A/B/C coach,Tutoring,10-14,REQUIRED — current OET product / handover scope (SAMI PDF §16),IN SCOPE FOR FULL PROGRAM; deliver according to stage/non-goal gates unless explicitly deferred,AI + Pedagogy,TO VERIFY - developer after repository audit,Stage 2,Approved pedagogy + retrieval + evaluation,PARTIAL,,"`Services/Reading/ReadingExplanationService.cs` (`reading.explanation.v1`, `reading.passage_qna.v1`), reading pathway analytics, `_exam-mode` rulebooks.",No per-part A/B/C coaching thread and no distractor-susceptibility analysis.,Stage 2,Medium
F-069,Listening Part A/B/C coach,Tutoring,10-14,REQUIRED — current OET product / handover scope (SAMI PDF §16),IN SCOPE FOR FULL PROGRAM; deliver according to stage/non-goal gates unless explicitly deferred,AI + Pedagogy,TO VERIFY - developer after repository audit,Stage 2,Approved pedagogy + retrieval + evaluation,PARTIAL,,"Listening explanations, `ListeningPathwayGenerator`, dictation surface.",No spelling/accent/prediction-failure taxonomy feeding Error DNA.,Stage 2,Medium
F-070,Confidence-vs-accuracy analysis,Tutoring,10-14,REQUIRED — current OET product / handover scope (SAMI PDF §16),IN SCOPE FOR FULL PROGRAM; deliver according to stage/non-goal gates unless explicitly deferred,AI + Pedagogy,TO VERIFY - developer after repository audit,Stage 2,Approved pedagogy + retrieval + evaluation,PARTIAL,,`LearnerGoal.ConfidenceLevel`; `ConfidenceBadge` UI primitive.,"The confidence column, the optional API field and the analysing tool all exist, but no learner-facing picker sends a value, so ReadingAnswer.Confidence stays NULL and the confidence-vs-accuracy signal cannot yet produce data. The answer-change, pace and distractor signals work immediately from existing data.",Stage 2,Low
F-071,Why did my score change?,Tutoring,10-14,REQUIRED — current OET product / handover scope (SAMI PDF §16),IN SCOPE FOR FULL PROGRAM; deliver according to stage/non-goal gates unless explicitly deferred,AI + Pedagogy,TO VERIFY - developer after repository audit,Stage 2,Approved pedagogy + retrieval + evaluation,EXISTS,SAMI Wave 1 2026-10-07: companion_why_score_change explains only from recorded trend + error evidence; refuses to guess.,`LearnerActionsService.GetProgressTrendAsync` and `app/progress` show the trend.,No evidence-based causal explanation of a score change.,Stage 2,Medium
F-072,Full mock mode,Exam & analytics,"15, 19",REQUIRED — current OET product / handover scope (SAMI PDF §16),IN SCOPE FOR FULL PROGRAM; deliver according to stage/non-goal gates unless explicitly deferred,AI + Data,TO VERIFY - developer after repository audit,Stage 2-3,Attempt data + scoring/evaluation models,EXISTS,,"`MockService`, `MockItemAnalysisService`, `Services/Mocks/**`, `app/mocks`, `components/domain/mock-player`, `MockEntitlementService`; Full Mock Attempts never consume AI credits.",None.,Shipped,Low
F-073,Practice vs Exam mode separation,Exam & analytics,"15, 19",REQUIRED — current OET product / handover scope (SAMI PDF §16),IN SCOPE FOR FULL PROGRAM; deliver according to stage/non-goal gates unless explicitly deferred,AI + Data,TO VERIFY - developer after repository audit,Stage 2-3,Attempt data + scoring/evaluation models,EXISTS,,"Exam mode enforced server-side in `ListeningLearnerService`, `ReadingAttemptService` and `MockService`; `rulebooks/*/_exam-mode/rulebook.v1.json`.",The companion must honour it (F-155) and does not today.,Stage 1,High
F-074,Computer-based rehearsal,Exam & analytics,"15, 19",REQUIRED — current OET product / handover scope (SAMI PDF §16),IN SCOPE FOR FULL PROGRAM; deliver according to stage/non-goal gates unless explicitly deferred,AI + Data,TO VERIFY - developer after repository audit,Stage 2-3,Attempt data + scoring/evaluation models,EXISTS,,"`MockService`, `MockItemAnalysisService`, `Services/Mocks/**`, `app/mocks`, `components/domain/mock-player`, `MockEntitlementService`; Full Mock Attempts never consume AI credits.",None.,Shipped,Low
F-075,Test-day rehearsal,Exam & analytics,"15, 19",REQUIRED — current OET product / handover scope (SAMI PDF §16),IN SCOPE FOR FULL PROGRAM; deliver according to stage/non-goal gates unless explicitly deferred,AI + Data,TO VERIFY - developer after repository audit,Stage 2-3,Attempt data + scoring/evaluation models,PARTIAL,,`app/test-day` surface exists.,No logistics checklist or rehearsal driven by the companion.,Stage 2,Low
F-076,Final 24-hours mode,Exam & analytics,"15, 19",REQUIRED — current OET product / handover scope (SAMI PDF §16),IN SCOPE FOR FULL PROGRAM; deliver according to stage/non-goal gates unless explicitly deferred,AI + Data,TO VERIFY - developer after repository audit,Stage 2-3,Attempt data + scoring/evaluation models,MISSING,,No final-24-hours mode.,Depends on short-horizon plans (F-034/F-035).,Stage 2,Low
F-077,Result-day assistant,Exam & analytics,"15, 19",REQUIRED — current OET product / handover scope (SAMI PDF §16),IN SCOPE FOR FULL PROGRAM; deliver according to stage/non-goal gates unless explicitly deferred,AI + Data,TO VERIFY - developer after repository audit,Stage 2-3,Attempt data + scoring/evaluation models,EXISTS,,`LearnerExamOutcome` records an admin-verified pass or fail and expires the package.,"None. companion_why_score_change is live and verified end to end: met/short/unknown buckets against the learner's own target, no invented pass mark, and official_result rows are visible to it.",Stage 2,Medium
F-078,Resit recovery plan,Exam & analytics,"15, 19",REQUIRED — current OET product / handover scope (SAMI PDF §16),IN SCOPE FOR FULL PROGRAM; deliver according to stage/non-goal gates unless explicitly deferred,AI + Data,TO VERIFY - developer after repository audit,Stage 2-3,Attempt data + scoring/evaluation models,EXISTS,,"`premium-4wk-retake` ""Retake Rescue"" template exists.",None. An official result recorded through companion_confirm_scores is compared against the learner's own target and opens a CompanionJourney. Residual note: CompanionJourney.Outcome is not written automatically.,Stage 2,Medium
F-079,Readiness score,Exam & analytics,"15, 19",REQUIRED — current OET product / handover scope (SAMI PDF §16),IN SCOPE FOR FULL PROGRAM; deliver according to stage/non-goal gates unless explicitly deferred,AI + Data,TO VERIFY - developer after repository audit,Stage 2-3,Attempt data + scoring/evaluation models,EXISTS,,"`Services/Readiness/{ReadinessComputationService,ReadinessBlockerRules,ReadinessForecastCalculator}`; `app/readiness`; `GetReadinessBlockersAsync`.",Must never be presented as a pass probability (F-153).,Stage 1,Low
F-080,Mastery map,Exam & analytics,"15, 19",REQUIRED — current OET product / handover scope (SAMI PDF §16),IN SCOPE FOR FULL PROGRAM; deliver according to stage/non-goal gates unless explicitly deferred,AI + Data,TO VERIFY - developer after repository audit,Stage 2-3,Attempt data + scoring/evaluation models,PARTIAL,,`LearnerSkillProfile` (`Domain/AdaptiveEntities.cs`) holds an Elo rating per skill.,"No named mastery states, decay/review schedule or subskill map.",Stage 2,Medium
F-081,Trend analytics,Exam & analytics,"15, 19",REQUIRED — current OET product / handover scope (SAMI PDF §16),IN SCOPE FOR FULL PROGRAM; deliver according to stage/non-goal gates unless explicitly deferred,AI + Data,TO VERIFY - developer after repository audit,Stage 2-3,Attempt data + scoring/evaluation models,EXISTS,,"`GetProgressTrendAsync`, `app/progress`, `app/progress/comparative`, `PredictionService`, `app/predictions`.",None.,Shipped,Low
F-082,Timing analytics,Exam & analytics,"15, 19",REQUIRED — current OET product / handover scope (SAMI PDF §16),IN SCOPE FOR FULL PROGRAM; deliver according to stage/non-goal gates unless explicitly deferred,AI + Data,TO VERIFY - developer after repository audit,Stage 2-3,Attempt data + scoring/evaluation models,PARTIAL,,"Attempt timing is captured across subtest services; `useTimer`, `components/ui/timer`.",No consolidated timing analytics view.,Stage 2,Low
F-083,Personal bests,Exam & analytics,"15, 19",REQUIRED — current OET product / handover scope (SAMI PDF §16),IN SCOPE FOR FULL PROGRAM; deliver according to stage/non-goal gates unless explicitly deferred,AI + Data,TO VERIFY - developer after repository audit,Stage 2-3,Attempt data + scoring/evaluation models,EXISTS,,"Streak fields exist on `LearnerUser`; `app/achievements`, `app/leaderboard`.","None. Personal bests are live in companion_record_scores/companion_why_score_change, with an official-first ordering and a basis flag so a single result is never presented as a best to beat.",Stage 2,Low
F-084,Anonymous cohort benchmarking,Exam & analytics,"15, 19",POST-BETA — document and preserve; not a controlled-beta blocker (SAMI PDF §16),IN SCOPE FOR FULL PROGRAM; deliver according to stage/non-goal gates unless explicitly deferred,AI + Data,TO VERIFY - developer after repository audit,Stage 2-3,Attempt data + scoring/evaluation models,DEFERRED_BY_SOURCE,"SAMI PDF §16: POST-BETA for controlled beta; still built per D-006, sequenced after beta scope (Wave 6).",`app/progress/comparative` exists.,"Source lists cohort benchmarking as a 12-month non-goal until sample size, privacy and interpretation are responsible.",Deferred,Medium
F-085,Weekly progress report,Exam & analytics,"15, 19",REQUIRED — current OET product / handover scope (SAMI PDF §16),IN SCOPE FOR FULL PROGRAM; deliver according to stage/non-goal gates unless explicitly deferred,AI + Data,TO VERIFY - developer after repository audit,Stage 2-3,Attempt data + scoring/evaluation models,EXISTS,,"Substrate exists: `NotificationCampaign`, `NotificationTemplate`, email and push dispatchers.","None. companion_weekly_report is live: completed/missed/still-due/skipped against the plan, planned vs studied minutes, per-sub-test split, and an explicit no-plan and no-items-this-week refusal rather than a fabricated week.",Stage 2,Low
F-086,Image/screenshot understanding,Multimodal & context,"16, 18",REQUIRED — current OET product / handover scope (SAMI PDF §16),IN SCOPE FOR FULL PROGRAM; deliver according to stage/non-goal gates unless explicitly deferred,AI + Frontend,TO VERIFY - developer after repository audit,Stage 2-3,Upload pipeline + page/context APIs,EXISTS,SAMI Wave 2 2026-10-07: verified live: image parts reach deepseek vision on the OpenCode gateway; unreadable input gets an honest refusal (UAT Pack 3 Test 08 behaviour proven).,"`OcrService`, `MistralOcrClient`, `GeminiNativeProvider` multimodal.",Reachable from the companion: image/screenshot parts travel with the turn and are read by the vision model. An unreadable input gets an honest refusal rather than a guess (UAT Pack 3 Test 08; D-SAMI-002 in `SAMI-RUN-STATE.md` records a synthetic score-report PNG returning all four scores plus profession and test date). No tiered file metering: the §10.4 per-tier file allowance is not enforced on this path.,Stage 2,Medium
F-087,PDF understanding,Multimodal & context,"16, 18",REQUIRED — current OET product / handover scope (SAMI PDF §16),IN SCOPE FOR FULL PROGRAM; deliver according to stage/non-goal gates unless explicitly deferred,AI + Frontend,TO VERIFY - developer after repository audit,Stage 2-3,Upload pipeline + page/context APIs,EXISTS,SAMI Wave 2 2026-10-07: verified live: document text folds into the prompt for every OpenAI-compatible provider; case-notes task/recipient/purpose extraction proven end to end.,OCR is used by the listening and reading authoring extraction pipelines.,"Document attachments fold into the prompt as text for OpenAI-compatible providers; there is no page-image PDF path and no fixed per-PDF charge — §9.1 leaves ""large PDF deep analysis"" configurable, and no charge is presented before start on the chat path.",Stage 2,Medium
F-088,Audio analysis,Multimodal & context,"16, 18",REQUIRED — current OET product / handover scope (SAMI PDF §16),IN SCOPE FOR FULL PROGRAM; deliver according to stage/non-goal gates unless explicitly deferred,AI + Frontend,TO VERIFY - developer after repository audit,Stage 2-3,Upload pipeline + page/context APIs,PARTIAL,SAMI Wave 2 2026-10-07: voice-note transcription pipe live in hub (whisper provider seeded); transcription-then-correction flow verified in Wave 5 UAT with a real voice asset.,"ASR providers, `PronunciationService`, and the conversation audio pipeline with a retention worker.",Companion-side audio analysis is Stage 3 (voice gate).,Shipped,Low
F-089,Handwritten note understanding,Multimodal & context,"16, 18",REQUIRED — current OET product / handover scope (SAMI PDF §16),IN SCOPE FOR FULL PROGRAM; deliver according to stage/non-goal gates unless explicitly deferred,AI + Frontend,TO VERIFY - developer after repository audit,Stage 2-3,Upload pipeline + page/context APIs,MISSING,,No handwriting path.,Provider-dependent; Stage 2 at the earliest.,Stage 2,Low
F-090,Score report extraction,Multimodal & context,"16, 18",REQUIRED — current OET product / handover scope (SAMI PDF §16),IN SCOPE FOR FULL PROGRAM; deliver according to stage/non-goal gates unless explicitly deferred,AI + Frontend,TO VERIFY - developer after repository audit,Stage 2-3,Upload pipeline + page/context APIs,PARTIAL,"SAMI Wave 1 2026-10-07: same confirm-before-save path; document/image understanding in Wave 2. | SAMI Wave 2 2026-10-07: extraction answer quality proven on text; confirm-before-save tool live; rendered-score-image UAT lands with the full pack run. | D-SAMI-002 (2026-10-08): a synthetic score-report PNG returned all four sub-scores plus profession and test date and honoured the confirmation gate (`SAMI-RUN-STATE.md`); the earlier ""no file actually reached me"" records were a harness artifact, not a product defect.",Same substrate as F-008.,"The vision path works end to end through the floating assistant widget, but the dedicated companion page discarded the attachment argument in its AiAssistantInput onSend, so an image attached there was silently dropped -- now fixed in this change.",Stage 2,Medium
F-091,Current-page awareness,Multimodal & context,"16, 18",REQUIRED — current OET product / handover scope (SAMI PDF §16),IN SCOPE FOR FULL PROGRAM; deliver according to stage/non-goal gates unless explicitly deferred,AI + Frontend,TO VERIFY - developer after repository audit,Stage 2-3,Upload pipeline + page/context APIs,EXISTS,,"`buildSurfaceContext` derives route/resource/question/video from the pathname; `StartTurn(threadId, message, context)` carries it; prompt renders it under ""Currently viewing"".",Identifiers only. The model is told explicitly it has not seen the screen.,Stage 2,High
F-092,Current-question awareness,Multimodal & context,"16, 18",REQUIRED — current OET product / handover scope (SAMI PDF §16),IN SCOPE FOR FULL PROGRAM; deliver according to stage/non-goal gates unless explicitly deferred,AI + Frontend,TO VERIFY - developer after repository audit,Stage 2-3,Upload pipeline + page/context APIs,EXISTS,,"Question ids are extracted from the route and passed in the envelope, so ""explain this question"" resolves.",Depends on the route exposing a question id; player routes that keep it in component state do not.,Stage 2,High
F-093,Current-video awareness,Multimodal & context,"16, 18",REQUIRED — current OET product / handover scope (SAMI PDF §16),IN SCOPE FOR FULL PROGRAM; deliver according to stage/non-goal gates unless explicitly deferred,AI + Frontend,TO VERIFY - developer after repository audit,Stage 2-3,Upload pipeline + page/context APIs,EXISTS,,Video routes resolve a resource id through the same envelope.,Needs the Stage 2 video corpus before the companion can say anything grounded about a specific video.,Stage 2,High
F-094,Timestamp-aware help,Multimodal & context,"16, 18",REQUIRED — current OET product / handover scope (SAMI PDF §16),IN SCOPE FOR FULL PROGRAM; deliver according to stage/non-goal gates unless explicitly deferred,AI + Frontend,TO VERIFY - developer after repository audit,Stage 2-3,Upload pipeline + page/context APIs,EXISTS,,`videoTimeSeconds` is carried and rendered as a timestamp in the prompt.,The player does not yet push playback position; the field is populated only when a caller supplies it.,Stage 2,High
F-095,Writing selection awareness,Multimodal & context,"16, 18",REQUIRED — current OET product / handover scope (SAMI PDF §16),IN SCOPE FOR FULL PROGRAM; deliver according to stage/non-goal gates unless explicitly deferred,AI + Frontend,TO VERIFY - developer after repository audit,Stage 2-3,Upload pipeline + page/context APIs,PARTIAL,,`WritingCoachHub` operates on a submission and streams suggestions.,No explicit selection range passed as bounded context.,Stage 2,Medium
F-096,Speaking-session context,Multimodal & context,"16, 18",REQUIRED — current OET product / handover scope (SAMI PDF §16),IN SCOPE FOR FULL PROGRAM; deliver according to stage/non-goal gates unless explicitly deferred,AI + Frontend,TO VERIFY - developer after repository audit,Stage 2-3,Upload pipeline + page/context APIs,PARTIAL,,"`ConversationHub` holds session state, turns and hashed resume tokens.",Not exposed to the companion as context.,Stage 3,Low
F-097,Cross-device conversation continuity,Multimodal & context,"16, 18",REQUIRED — current OET product / handover scope (SAMI PDF §16),IN SCOPE FOR FULL PROGRAM; deliver according to stage/non-goal gates unless explicitly deferred,AI + Frontend,TO VERIFY - developer after repository audit,Stage 2-3,Upload pipeline + page/context APIs,EXISTS,"D-SAMI-001 fix (commit `8cd4ad338`): a socket drop now abandons the in-flight turn client-side with an explicit reconnect message instead of leaving a phantom turn running (`hooks/use-ai-assistant.ts:161,187-216,350-378`).",Threads persist server-side and rehydrate over SignalR; conversation sessions carry hashed resume tokens.,None.,Stage 1,Low
F-098,Deep-link resource open,Actions & navigation,17,REQUIRED — current OET product / handover scope (SAMI PDF §16),IN SCOPE FOR FULL PROGRAM; deliver according to stage/non-goal gates unless explicitly deferred,Frontend + Backend,TO VERIFY - developer after repository audit,Stage 1,Platform route map + permission-safe action APIs,EXISTS,,`companion_open_destination` tool (`Services/AiTools/Tools/CompanionActionTools.cs`) resolves a destination id server-side and re-checks entitlement at execution.,Per-resource deep links (a specific paper or lesson id) still resolve only to the hub page; item-level targets land with Stage 2 content ingestion.,Stage 1,High
F-099,Open exact timestamp,Actions & navigation,17,REQUIRED — current OET product / handover scope (SAMI PDF §16),IN SCOPE FOR FULL PROGRAM; deliver according to stage/non-goal gates unless explicitly deferred,Frontend + Backend,TO VERIFY - developer after repository audit,Stage 1-2,Platform route map + permission-safe action APIs,DEFERRED_BY_SOURCE,,`CompanionChunk.TimestampSeconds` carries the citation timestamp; the retriever returns it.,"Out of scope by owner decision: the video library, its transcripts and timestamp deep links are not companion knowledge sources. Retrieval refuses video/audio/transcript/recording source types (CompanionContentBoundary).",Stage 2,Medium
F-100,Start recommended practice,Actions & navigation,17,REQUIRED — current OET product / handover scope (SAMI PDF §16),IN SCOPE FOR FULL PROGRAM; deliver according to stage/non-goal gates unless explicitly deferred,Frontend + Backend,TO VERIFY - developer after repository audit,Stage 1-2,Platform route map + permission-safe action APIs,EXISTS,,`companion_find_destination` + `companion_open_destination` cover practice starts; subtest hint biases ranking without widening entitlement.,"Starts the practice hub, not a specific pre-selected task. Task-level start needs the Stage 2 content index.",Stage 1,Medium
F-101,Continue last activity,Actions & navigation,17,REQUIRED — current OET product / handover scope (SAMI PDF §16),IN SCOPE FOR FULL PROGRAM; deliver according to stage/non-goal gates unless explicitly deferred,Frontend + Backend,TO VERIFY - developer after repository audit,Stage 1-2,Platform route map + permission-safe action APIs,EXISTS,,`companion_continue_last_activity` reads the most recent non-abandoned attempt and maps its subtest to a resume destination.,Resumes at the subtest hub rather than the exact attempt; attempt-level resume needs a per-subtest resume route contract.,Stage 1,Medium
F-102,Save note,Actions & navigation,17,REQUIRED — current OET product / handover scope (SAMI PDF §16),IN SCOPE FOR FULL PROGRAM; deliver according to stage/non-goal gates unless explicitly deferred,Frontend + Backend,TO VERIFY - developer after repository audit,Stage 1-2,Platform route map + permission-safe action APIs,EXISTS,,"Existing `save_user_note` tool, now granted to the learner assistant feature by `AiToolCatalogSeederHostedService`.","Note provenance is recorded (`Source=ai_tool`, `CreatedByFeatureCode`); learner-facing edit/delete of companion memory is F-047 and not yet built.",Stage 1,Low
F-103,Save vocabulary,Actions & navigation,17,REQUIRED — current OET product / handover scope (SAMI PDF §16),IN SCOPE FOR FULL PROGRAM; deliver according to stage/non-goal gates unless explicitly deferred,Frontend + Backend,TO VERIFY - developer after repository audit,Stage 1-2,Platform route map + permission-safe action APIs,EXISTS,,"Existing `bookmark_recall_term` tool, now granted to the learner assistant feature.","Bookmarks an existing vocabulary term only; it cannot create new terms, by design.",Stage 1,Low
F-104,Add to plan,Actions & navigation,17,REQUIRED — current OET product / handover scope (SAMI PDF §16),IN SCOPE FOR FULL PROGRAM; deliver according to stage/non-goal gates unless explicitly deferred,Frontend + Backend,TO VERIFY - developer after repository audit,Stage 1-2,Platform route map + permission-safe action APIs,EXISTS,,"`companion_add_plan_item` writes a `StudyPlanItem` into the active plan, bounded by the day’s minutes budget so a looping tool call cannot flood the plan.",Does not trigger a replan; the item is additive to the generated plan.,Stage 1,Medium
F-105,Set reminder,Actions & navigation,17,REQUIRED — current OET product / handover scope (SAMI PDF §16),IN SCOPE FOR FULL PROGRAM; deliver according to stage/non-goal gates unless explicitly deferred,Frontend + Backend,TO VERIFY - developer after repository audit,Stage 1-2,Platform route map + permission-safe action APIs,PARTIAL,,"`StudyPlanReminderWorker`, `NotificationScheduling`, `NotificationPreference` quiet hours.",Not reachable as a companion action.,Stage 2,Low
F-106,Open workshop,Actions & navigation,17,REQUIRED — current OET product / handover scope (SAMI PDF §16),IN SCOPE FOR FULL PROGRAM; deliver according to stage/non-goal gates unless explicitly deferred,Frontend + Backend,TO VERIFY - developer after repository audit,Stage 1-2,Platform route map + permission-safe action APIs,DEFERRED_BY_SOURCE,,Live classes and private speaking bookings exist; no workshop entity (F-015/F-016).,"Out of scope by owner decision. Sami keeps navigation and entitlement awareness only for workshops: that the resource exists, its title and category, where it lives, whether the package includes it, and a deep link. The workshop body is never retrievable, so there is no content to open into chat.",Stage 2,Low
F-107,Create support request,Actions & navigation,17,REQUIRED — current OET product / handover scope (SAMI PDF §16),IN SCOPE FOR FULL PROGRAM; deliver according to stage/non-goal gates unless explicitly deferred,Frontend + Backend,TO VERIFY - developer after repository audit,Stage 1-2,Platform route map + permission-safe action APIs,PARTIAL,,"`CustomerSupportCaseService`, `app/support`.",No contextual case creation carrying the conversation.,Stage 2,Low
F-108,Tutor handoff summary,Actions & navigation,17,REQUIRED — current OET product / handover scope (SAMI PDF §16),IN SCOPE FOR FULL PROGRAM; deliver according to stage/non-goal gates unless explicitly deferred,Frontend + Backend,TO VERIFY - developer after repository audit,Stage 1-2,Platform route map + permission-safe action APIs,MISSING,,"Expert and tutor surfaces exist (`app/expert`, `app/tutor`); no handoff summary.","Needs score trend, errors, adherence and recommended focus.",Stage 2,Medium
F-109,Report wrong answer,Actions & navigation,17,REQUIRED — current OET product / handover scope (SAMI PDF §16),IN SCOPE FOR FULL PROGRAM; deliver according to stage/non-goal gates unless explicitly deferred,Frontend + Backend,TO VERIFY - developer after repository audit,Stage 1-2,Platform route map + permission-safe action APIs,PARTIAL,,Feedback entities across 18 domain files; `ReviewEscalations` + `AIEscalationStatsService`.,No companion-originated content-issue report.,Stage 2,Low
F-110,Show allowances/credits,Actions & navigation,17,REQUIRED — current OET product / handover scope (SAMI PDF §16),IN SCOPE FOR FULL PROGRAM; deliver according to stage/non-goal gates unless explicitly deferred,Frontend + Backend,TO VERIFY - developer after repository audit,Stage 1-2,Platform route map + permission-safe action APIs,EXISTS,"OWNER DISPOSITION (D-008, recorded 2026-10-08): a candidate-facing credit/allowance balance is not part of the final Sami model. The chargeable-action balance stays for the separate assessment products only.","Allowance surfaces exist for assessment features: `AiPackageCreditEndpoints`, `AiMeEndpoints`, `app/ai-packages`, `app/ai-usage`, `AiQuotaCounters`. The Sami chat surface renders no credit chip (`app/(learner)/companion/page.tsx` and `hooks/use-ai-assistant.ts` contain no credit display) while the learner dashboard still shows an ""N AI credits"" stat (`app/(learner)/page.tsx:143-144`) and the companion session payload still carries `aiCreditsRemaining` (`lib/api/companion.ts:65`).","The companion reads the balance for assessment actions; it must not become a Sami chat wallet (D-008). The stale `aiCreditsRemaining` field on the companion session payload is a display decision, not a gate.",Stage 1,Low
F-111,Contextual upgrade checkout,Actions & navigation,17,REQUIRED — current OET product / handover scope (SAMI PDF §16),IN SCOPE FOR FULL PROGRAM; deliver according to stage/non-goal gates unless explicitly deferred,Frontend + Backend,TO VERIFY - developer after repository audit,Stage 1,Platform route map + permission-safe action APIs,PARTIAL,,`PlatformLinkService.BuildCheckoutUrl`; `BillingCheckoutEndpoints`; `ApiException.PaymentRequired` with `content_locked`.,"Paywall is a generic error, not a contextual upgrade card with tier, price and benefits.",Stage 1,Medium
F-112,Resume chat after purchase,Actions & navigation,17,REQUIRED — current OET product / handover scope (SAMI PDF §16),IN SCOPE FOR FULL PROGRAM; deliver according to stage/non-goal gates unless explicitly deferred,Frontend + Backend,TO VERIFY - developer after repository audit,Stage 1-2,Platform route map + permission-safe action APIs,MISSING,,"Threads persist, so the conversation itself survives; entitlement is re-resolved per request.",No pending-action resume after checkout completes.,Stage 1,Medium
F-113,Exam countdown,Proactive & engagement,"20, 31",REQUIRED — current OET product / handover scope (SAMI PDF §16),IN SCOPE FOR FULL PROGRAM; deliver according to stage/non-goal gates unless explicitly deferred,Product + Backend,TO VERIFY - developer after repository audit,Stage 3 / TO VERIFY,Reliable memory + notification preferences,EXISTS,Appendix A visibly contains F-113 but the extracted matrix omits rows F-114 through F-122; preserve these features and require owner/phase sign-off. Section 46 also makes non-outcome gamification and fully proactive autonomy non-goals for the first 12 months.,Exam date plus dashboard surfaces.,"None. NextBestActionService switches to rehearsal and error review inside three days of the exam, the exam date and day count are in the prompt, and the plan template is selected from weeks-to-exam.",Stage 3,Low
F-114,Inactivity risk nudges,Proactive & engagement,"20, 31",REQUIRED — current OET product / handover scope (SAMI PDF §16),IN SCOPE FOR FULL PROGRAM; deliver according to stage/non-goal gates unless explicitly deferred,Product + Backend,TO VERIFY - developer after repository audit,Stage 3 / TO VERIFY,Reliable memory + notification preferences,EXISTS,Appendix A visibly contains F-113 but the extracted matrix omits rows F-114 through F-122; preserve these features and require owner/phase sign-off. Section 46 also makes non-outcome gamification and fully proactive autonomy non-goals for the first 12 months.,"`EngagementService`, `NotificationPolicyOverride`.",None. A 7-day inactivity rule and a factor-based ChurnRiskSnapshot both drive nudges. Residual note: LearnerInactiveNudge email is disabled by admin override (migration 20261212090000); in-app and push remain.,Stage 3,Low
F-115,Weak-subtest reminder,Proactive & engagement,"20, 31",REQUIRED — current OET product / handover scope (SAMI PDF §16),IN SCOPE FOR FULL PROGRAM; deliver according to stage/non-goal gates unless explicitly deferred,Product + Backend,TO VERIFY - developer after repository audit,Stage 3 / TO VERIFY,Reliable memory + notification preferences,EXISTS,Appendix A visibly contains F-113 but the extracted matrix omits rows F-114 through F-122; preserve these features and require owner/phase sign-off. Section 46 also makes non-outcome gamification and fully proactive autonomy non-goals for the first 12 months. OWNER REVIEW 2026-09-28: PR #269 deleted the unused `NotificationRuleEngine` class. Admins can still create and edit `NotificationRule` rows through `NotificationRuleEndpoints` (/v1/admin/notification-rules) but nothing evaluates them. The PARTIAL rating now rests on readiness blockers alone; owner to confirm or re-rate.,Readiness blockers can identify a weak subtest.,None. StudyPlanReminderWorker fires LearnerWeakSkillReminder against plan.WeakSkillFocus. Residual note: email is disabled by the same override; in-app and push remain.,Stage 3,Low
F-116,New relevant content alert,Proactive & engagement,"20, 31",REQUIRED — current OET product / handover scope (SAMI PDF §16),IN SCOPE FOR FULL PROGRAM; deliver according to stage/non-goal gates unless explicitly deferred,Product + Backend,TO VERIFY - developer after repository audit,Stage 3 / TO VERIFY,Reliable memory + notification preferences,PARTIAL,Appendix A visibly contains F-113 but the extracted matrix omits rows F-114 through F-122; preserve these features and require owner/phase sign-off. Section 46 also makes non-outcome gamification and fully proactive autonomy non-goals for the first 12 months.,`NotificationCampaign` + `NotificationCampaignRecipient` with entitlement filtering.,Not driven by relevance to the individual learner.,Stage 3,Low
F-117,Calendar integration,Proactive & engagement,"20, 31",POST-BETA — document and preserve; not a controlled-beta blocker (SAMI PDF §16),IN SCOPE FOR FULL PROGRAM; deliver according to stage/non-goal gates unless explicitly deferred,Product + Backend,TO VERIFY - developer after repository audit,Stage 3 / TO VERIFY,Reliable memory + notification preferences,PARTIAL,"Appendix A visibly contains F-113 but the extracted matrix omits rows F-114 through F-122; preserve these features and require owner/phase sign-off. Section 46 also makes non-outcome gamification and fully proactive autonomy non-goals for the first 12 months. | SAMI PDF §16: POST-BETA for controlled beta; still built per D-006, sequenced after beta scope (Wave 6).","`app/study-plan/calendar`, `PrivateSpeakingCalendarService`, `ZoomMeetingService`.",No external calendar awareness of shifts or leave.,Stage 3,Low
F-118,Push/email/app progress summaries,Proactive & engagement,"20, 31",POST-BETA — document and preserve; not a controlled-beta blocker (SAMI PDF §16),IN SCOPE FOR FULL PROGRAM; deliver according to stage/non-goal gates unless explicitly deferred,Product + Backend,TO VERIFY - developer after repository audit,Stage 3 / TO VERIFY,Reliable memory + notification preferences,PARTIAL,"Appendix A visibly contains F-113 but the extracted matrix omits rows F-114 through F-122; preserve these features and require owner/phase sign-off. Section 46 also makes non-outcome gamification and fully proactive autonomy non-goals for the first 12 months. | SAMI PDF §16: POST-BETA for controlled beta; still built per D-006, sequenced after beta scope (Wave 6).","`MobilePushDispatcher`, `WebPushDispatcher`, `BrevoEmailSender`, `NotificationConsent`.",No progress-summary content.,Stage 3,Low
F-119,Quiet hours,Proactive & engagement,"20, 31",REQUIRED — current OET product / handover scope (SAMI PDF §16),IN SCOPE FOR FULL PROGRAM; deliver according to stage/non-goal gates unless explicitly deferred,Product + Backend,TO VERIFY - developer after repository audit,Stage 3 / TO VERIFY,Reliable memory + notification preferences,EXISTS,Appendix A visibly contains F-113 but the extracted matrix omits rows F-114 through F-122; preserve these features and require owner/phase sign-off. Section 46 also makes non-outcome gamification and fully proactive autonomy non-goals for the first 12 months.,"Quiet hours on `NotificationPreference`, honoured by `NotificationScheduling`.",None.,Shipped,Low
F-120,Streaks/milestones,Proactive & engagement,"20, 31",POST-BETA — document and preserve; not a controlled-beta blocker (SAMI PDF §16),IN SCOPE FOR FULL PROGRAM; deliver according to stage/non-goal gates unless explicitly deferred,Product + Backend,TO VERIFY - developer after repository audit,Stage 3 / TO VERIFY,Reliable memory + notification preferences,PARTIAL,"Appendix A visibly contains F-113 but the extracted matrix omits rows F-114 through F-122; preserve these features and require owner/phase sign-off. Section 46 also makes non-outcome gamification and fully proactive autonomy non-goals for the first 12 months. | SAMI PDF §16: POST-BETA for controlled beta; still built per D-006, sequenced after beta scope (Wave 6).","`LearnerUser.CurrentStreak`/`LongestStreak`/`WeeklyActivityJson`; `useStreak`; `app/achievements`, `app/leaderboard`.","Ten seeded achievements tied to demonstrated learning value cannot be awarded yet: GamificationService.MeetsCriteria receives only XP, streak, attempt count and vocabulary counts, while ach-020..ach-024 (first_grade, all_subtests_grade, consecutive_improvement), ach-033/034/035/036 (review/pronunciation/conversation/grammar sessions), ach-040/041 (forum posts) and ach-042/043 (referrals) need data it is never handed. The API now reports `evaluable: false` for these and the achievements page labels them ""Not tracked"" instead of leaving them looking permanently locked. Remaining work to close this properly is plumbing: emit CheckAndAwardAchievementsAsync from each event source (grading, mock completion, drill and review sessions, forum posts, referral conversion, leaderboard refresh) and extend the evaluator with per-criterion queries for grades, session counts and consecutive score improvement.",Stage 3,Low
F-121,Adaptive gamification,Proactive & engagement,"20, 31",POST-BETA — document and preserve; not a controlled-beta blocker (SAMI PDF §16),IN SCOPE FOR FULL PROGRAM; deliver according to stage/non-goal gates unless explicitly deferred,Product + Backend,TO VERIFY - developer after repository audit,Deferred-by-default / Stage 3+ TO VERIFY,Reliable memory + notification preferences,DEFERRED_BY_SOURCE,"Appendix A visibly contains F-113 but the extracted matrix omits rows F-114 through F-122; preserve these features and require owner/phase sign-off. Section 46 also makes non-outcome gamification and fully proactive autonomy non-goals for the first 12 months. | SAMI PDF §16: POST-BETA for controlled beta; still built per D-006, sequenced after beta scope (Wave 6).",Streaks and leaderboard exist.,Source defers gamification without demonstrated learning or conversion value.,Deferred,Low
F-122,Referral/review prompt at positive moments,Proactive & engagement,"20, 31",POST-BETA — document and preserve; not a controlled-beta blocker (SAMI PDF §16),IN SCOPE FOR FULL PROGRAM; deliver according to stage/non-goal gates unless explicitly deferred,Product + Backend,TO VERIFY - developer after repository audit,Stage 3 / TO VERIFY,Reliable memory + notification preferences,PARTIAL,"Appendix A visibly contains F-113 but the extracted matrix omits rows F-114 through F-122; preserve these features and require owner/phase sign-off. Section 46 also makes non-outcome gamification and fully proactive autonomy non-goals for the first 12 months. | SAMI PDF §16: POST-BETA for controlled beta; still built per D-006, sequenced after beta scope (Wave 6).","`ReferralService`, `app/referral`, `app/reviews`.",Not gated to genuine positive moments; source forbids prompting during frustration.,Stage 3,Medium
F-123,Tutor pre-session brief,Admin/tutor,"21, 34, 42",REQUIRED — current OET product / handover scope (SAMI PDF §16),IN SCOPE FOR FULL PROGRAM; deliver according to stage/non-goal gates unless explicitly deferred,Product + Admin/Backend,TO VERIFY - developer after repository audit,Stage 2-3,Admin roles + analytics + audit log,MISSING,,Expert console surfaces exist under `app/expert/**`.,"No pre-session brief with trend, errors and adherence.",Stage 2,Medium
F-124,Tutor post-session notes,Admin/tutor,"21, 34, 42",REQUIRED — current OET product / handover scope (SAMI PDF §16),IN SCOPE FOR FULL PROGRAM; deliver according to stage/non-goal gates unless explicitly deferred,Product + Admin/Backend,TO VERIFY - developer after repository audit,Stage 2-3,Admin roles + analytics + audit log,PARTIAL,,Speaking moderation and assessment notes; `ExpertMessagingService`.,Tutor notes do not feed learner memory with provenance.,Stage 2,Medium
F-125,Admin aggregate AI queries,Admin/tutor,"21, 34, 42",REQUIRED — current OET product / handover scope (SAMI PDF §16),IN SCOPE FOR FULL PROGRAM; deliver according to stage/non-goal gates unless explicitly deferred,Product + Admin/Backend,TO VERIFY - developer after repository audit,Stage 2-3,Admin roles + analytics + audit log,PARTIAL,,"`AiUsageAnalyticsService`, `app/admin/ai-analytics`, `AiUsageRecord` (feature, provider, model, cost).",No aggregation of learner *questions* by profession or subtest.,Stage 2,Medium
F-126,Quality dashboard,Admin/tutor,"21, 34, 42",REQUIRED — current OET product / handover scope (SAMI PDF §16),IN SCOPE FOR FULL PROGRAM; deliver according to stage/non-goal gates unless explicitly deferred,Product + Admin/Backend,TO VERIFY - developer after repository audit,Stage 2-3,Admin roles + analytics + audit log,PARTIAL,,"`app/admin/ai-analytics`, `app/admin/escalations`, `AIEscalationStatsService`.","No AI-quality dashboard covering thumbs-down, low confidence and source conflicts.",Stage 2,Medium
F-127,Hallucination/low-confidence queue,Admin/tutor,"21, 34, 42",REQUIRED — current OET product / handover scope (SAMI PDF §16),IN SCOPE FOR FULL PROGRAM; deliver according to stage/non-goal gates unless explicitly deferred,Product + Admin/Backend,TO VERIFY - developer after repository audit,Stage 2-3,Admin roles + analytics + audit log,EXISTS,,Escalation plumbing exists but is oriented to human review of gradings.,None. GET /v1/admin/companion/quality/summary and /quality/citations are live (read-only admin surface).,Stage 2,Medium
F-128,Content-gap dashboard,Admin/tutor,"21, 34, 42",REQUIRED — current OET product / handover scope (SAMI PDF §16),IN SCOPE FOR FULL PROGRAM; deliver according to stage/non-goal gates unless explicitly deferred,Product + Admin/Backend,TO VERIFY - developer after repository audit,Stage 2-3,Admin roles + analytics + audit log,EXISTS,,Escalation plumbing exists but is oriented to human review of gradings.,None. GET /v1/admin/companion/content-gaps/coverage and /content-gaps/handoffs are live.,Stage 2,Medium
F-129,Teaching-gap dashboard,Admin/tutor,"21, 34, 42",REQUIRED — current OET product / handover scope (SAMI PDF §16),IN SCOPE FOR FULL PROGRAM; deliver according to stage/non-goal gates unless explicitly deferred,Product + Admin/Backend,TO VERIFY - developer after repository audit,Stage 2-3,Admin roles + analytics + audit log,EXISTS,,Escalation plumbing exists but is oriented to human review of gradings.,None. GET /v1/admin/companion/teaching-gaps/recurring and /teaching-gaps/dimensions are live.,Stage 2,Medium
F-130,Rule approval/version/rollback,Admin/tutor,"21, 34, 42",REQUIRED — current OET product / handover scope (SAMI PDF §16),IN SCOPE FOR FULL PROGRAM; deliver according to stage/non-goal gates unless explicitly deferred,Product + Admin/Backend,TO VERIFY - developer after repository audit,Stage 2-3,Admin roles + analytics + audit log,PARTIAL,,"`RulebookAdminService`, `RulebookVersions`, `AuditEvent` on admin writes.",No release/rollback object independent of an application deploy.,Stage 2,Medium
F-131,Content Studio extraction proposals,Admin/tutor,"21, 34, 42",REQUIRED — current OET product / handover scope (SAMI PDF §16),IN SCOPE FOR FULL PROGRAM; deliver according to stage/non-goal gates unless explicitly deferred,Product + Admin/Backend,TO VERIFY - developer after repository audit,Stage 2-3,Admin roles + analytics + audit log,PARTIAL,,"`ContentGenerationService` job queue, `VocabularyDraftService`, `GrammarDraftService`, `GrammarPublishGateService`.",Drafts exist per module; no unified companion extraction-proposal queue.,Stage 2,Medium
F-132,Revenue/cost dashboard,Admin/tutor,"21, 34, 42",REQUIRED — current OET product / handover scope (SAMI PDF §16),IN SCOPE FOR FULL PROGRAM; deliver according to stage/non-goal gates unless explicitly deferred,Product + Admin/Backend,TO VERIFY - developer after repository audit,Stage 2-3,Admin roles + analytics + audit log,PARTIAL,,"`AiBudgetService`, `AiBudgetAlertService`, `AiBudgetOverrideService`, `AiPricingResolver`, `AiLedgerReconciliationService`, admin billing pages.",No unified revenue-versus-AI-cost contribution view including support and refund cost.,Stage 2,Medium
F-133,Entitlement management,Admin/tutor,"21, 34, 42",REQUIRED — current OET product / handover scope (SAMI PDF §16),IN SCOPE FOR FULL PROGRAM; deliver according to stage/non-goal gates unless explicitly deferred,Product + Admin/Backend,TO VERIFY - developer after repository audit,Stage 2-3,Admin roles + analytics + audit log,EXISTS,Per-user Sami access shipped 2026-10-08 (commit `60bec4831`): the same admin surface pattern now covers a per-user companion enable/disable with provenance.,"`UserAccessAllocationService` (grant/remove/suspend/restore/dates/addons/scopes), `app/admin/users/[id]`, fully audited. Per-user companion access: `GET/POST/DELETE /v1/admin/companion/access/users/{userId}` (policy `AdminAiConfig`, every write writes an `AuditEvent`; `Endpoints/CompanionAccessAdminEndpoints.cs:34-286`), entity `Domain/CompanionUserAccess.cs` (with `CompanionAccessSources` / `CompanionAccessReasons`), migration `20270116090000_CompanionUserAccess`, UI `app/admin/companion/access/page.tsx`.","Nothing missing on the admin surface. Documented residual risk: if `CompanionUserAccess` is unreadable (table absent mid-deploy, transient read error) the per-user override is ignored in BOTH directions and the decision falls back to the package rule — it can neither wrongly grant nor wrongly revoke, but a real disable is not honoured for the duration of the fault (`Services/Companion/CompanionAccessResolver.cs:240-296`).",Shipped,Low
F-134,Promotional AI Credits,Admin/tutor,"21, 34, 42",REQUIRED — current OET product / handover scope (SAMI PDF §16),IN SCOPE FOR FULL PROGRAM; deliver according to stage/non-goal gates unless explicitly deferred,Product + Admin/Backend,TO VERIFY - developer after repository audit,Stage 2-3,Admin roles + analytics + audit log,EXISTS,,"`AiPackageCreditService.AdjustAsync(userId, request, adminId, ct)` with `AiPackageCreditReason.AdminAdjustment` and provenance.",Expiry and source on promotional grants should be checked against the source rules.,Stage 1,Low
F-135,Free message cap,Commercial,"23-30, 38-39",REQUIRED — current OET product / handover scope (SAMI PDF §16),IN SCOPE FOR FULL PROGRAM; deliver according to stage/non-goal gates unless explicitly deferred,Product + Finance/Payments,TO VERIFY - developer after repository audit,Stage 1,Pricing + payments + entitlement service + cost telemetry,DEFERRED_BY_SOURCE,"OWNER DISPOSITION (D-008, recorded 2026-10-08): NOT APPLICABLE to the final Sami model. Sami chat is included with an eligible package, not metered: there is no message cap, no token cap on this path and no cap-driven upgrade card. §16's REQUIRED marking for this row is superseded by the owner decision.","No message-count cap exists anywhere. `AiAssistantGateway` skips the token-quota reserve for the Sami feature codes (`IsIncludedCompanionChat` — `AiAssistantGateway.cs:132,685-687`); `CompanionAccessResolver` deliberately never emits `MonthlyCapReached`/`DailyCapReached` (`CompanionAccessResolver.cs:198-214`); `CompanionLearnerEndpoints` emits no `monthly_cap_reached`/`daily_cap_reached` (the reasons stay defined for the client union only).","NOT APPLICABLE for the Sami launch (owner ruling): SAMI CHAT is package-entitlement plus admin enable/disable only. There is no Free/Plus/Pro/Ultimate ladder, no message cap, no visible AI Credit balance and no chatbot top-up packs, so there is no free message cap to implement.",Stage 1,Medium
F-136,Plus tier,Commercial,"23-30, 38-39",REQUIRED — current OET product / handover scope (SAMI PDF §16),IN SCOPE FOR FULL PROGRAM; deliver according to stage/non-goal gates unless explicitly deferred,Product + Finance/Payments,TO VERIFY - developer after repository audit,Stage 1,Pricing + payments + entitlement service + cost telemetry,PARTIAL,"OWNER DISPOSITION (D-008, recorded 2026-10-08): SUPERSEDED / NOT APPLICABLE for the Sami launch — the Plus tier stops being offered as a Sami product for new candidates. Existing Plus/Pro/Ultimate purchases are not deleted and any entitlement a real customer already bought is preserved until expiry or migrated safely. The 2026-09-07 interim price in the previous note was itself superseded by D-003 (Plus £7.99 / Pro £14.99 / Ultimate £26.99 per month).","`SeedData.CompanionQuotaTiers()` seeds `companion-plus` (100k tokens/month, 10k/day, expire, deny overage) with the companion meter codes (`Services/SeedData.AiQuota.cs:103-160`); the module gate stays `ModuleKeys.AiCompanion`. The seeded description text still reads ""£9/month"" (stale).","Kept as a dormant quota policy only. No Sami launch dependency, no sellable Sami Plus product for new candidates; the row is not an acceptance blocker.",Stage 1,Medium
F-137,Pro tier,Commercial,"23-30, 38-39",REQUIRED — current OET product / handover scope (SAMI PDF §16),IN SCOPE FOR FULL PROGRAM; deliver according to stage/non-goal gates unless explicitly deferred,Product + Finance/Payments,TO VERIFY - developer after repository audit,Stage 1,Pricing + payments + entitlement service + cost telemetry,PARTIAL,"OWNER DISPOSITION (D-008, recorded 2026-10-08): SUPERSEDED / NOT APPLICABLE for the Sami launch — the Pro tier stops being offered as a Sami product for new candidates. Existing Plus/Pro/Ultimate purchases are not deleted and any entitlement a real customer already bought is preserved until expiry or migrated safely. The 2026-09-07 interim price in the previous note was itself superseded by D-003 (Plus £7.99 / Pro £14.99 / Ultimate £26.99 per month).","`SeedData.CompanionQuotaTiers()` seeds `companion-pro` (300k tokens/month, 25k/day, expire, deny overage) with the companion meter codes (`Services/SeedData.AiQuota.cs:103-160`). The seeded description text still reads ""£19/month"" (stale).",Kept as a dormant quota policy only — no Sami launch dependency and not an acceptance blocker.,Stage 1,Medium
F-138,Ultimate tier,Commercial,"23-30, 38-39",REQUIRED — current OET product / handover scope (SAMI PDF §16),IN SCOPE FOR FULL PROGRAM; deliver according to stage/non-goal gates unless explicitly deferred,Product + Finance/Payments,TO VERIFY - developer after repository audit,Stage 1,Pricing + payments + entitlement service + cost telemetry,PARTIAL,"OWNER DISPOSITION (D-008, recorded 2026-10-08): SUPERSEDED / NOT APPLICABLE for the Sami launch — the Ultimate tier stops being offered as a Sami product for new candidates. Existing Plus/Pro/Ultimate purchases are not deleted and any entitlement a real customer already bought is preserved until expiry or migrated safely. The 2026-09-07 interim price in the previous note was itself superseded by D-003 (Plus £7.99 / Pro £14.99 / Ultimate £26.99 per month).","`SeedData.CompanionQuotaTiers()` seeds `companion-ultimate` (1M tokens/month, 100k/day, expire, deny overage) with the companion meter codes (`Services/SeedData.AiQuota.cs:103-160`). The seeded description text still reads ""£39/month"" (stale).","Kept as a dormant quota policy only — no Sami launch dependency and not an acceptance blocker. The old Stage-3 ""full Ultimate promise"" gate is moot for Sami.",Stage 1,Medium
F-139,AI Credits,Commercial,"23-30, 38-39",REQUIRED — current OET product / handover scope (SAMI PDF §16),IN SCOPE FOR FULL PROGRAM; deliver according to stage/non-goal gates unless explicitly deferred,Product + Finance/Payments,TO VERIFY - developer after repository audit,Stage 1,Pricing + payments + entitlement service + cost telemetry,EXISTS,"OWNER DISPOSITION (D-008, recorded 2026-10-08): RETAINED only where the separate assessment products (Writing, Speaking, Reading, Listening grading) require it; NOT a Sami chat feature. Sami chat neither shows nor consumes a credit balance.","`IAiPackageCreditService` with `AiPackageCreditAccount`/`Lot`/`Transaction`; unique `(ReferenceId, Reason)` index; `Serializable` transactions; `IAiCreditReservationService` reserve/commit/release.","`DR-001` maps the source ""AI Credits"" onto this ledger; no fourth wallet is created. Debiting is scoped to assessment feature codes (`ShouldDebitAiCredit`, `AiAssistantGateway.cs:659`) and the quota reserve is skipped for the Sami feature codes, so a Sami conversation consumes no credits.",Stage 1,Low
F-140,Top-up packs,Commercial,"23-30, 38-39",REQUIRED — current OET product / handover scope (SAMI PDF §16),IN SCOPE FOR FULL PROGRAM; deliver according to stage/non-goal gates unless explicitly deferred,Product + Finance/Payments,TO VERIFY - developer after repository audit,Stage 1,Pricing + payments + entitlement service + cost telemetry,EXISTS,"OWNER DISPOSITION (D-008, recorded 2026-10-08): RETAINED only where the separate assessment products (Writing, Speaking, Reading, Listening grading) require it; NOT a Sami chat feature. Sami chat neither shows nor consumes a credit balance.",`pkg_*` credit packages in the catalogue; `AddonGrantProcessor`; `WalletTopUpTierConfig` for the separate money wallet.,"The static seed catalog (`Data/Seeds/oet-2026-catalog.json` v1.1.1) carries course/credit `pkg_*` add-ons, not the PDF §10.3 credit top-ups; the §10.3 top-ups exist only as live configuration (D-003 / PROGRAM-STATUS Wave 3) and could not be verified from this checkout — TO VERIFY against production before claiming them. No Sami chat dependency either way.",Stage 1,Low
F-141,Usage counter,Commercial,"23-30, 38-39",REQUIRED — current OET product / handover scope (SAMI PDF §16),IN SCOPE FOR FULL PROGRAM; deliver according to stage/non-goal gates unless explicitly deferred,Product + Finance/Payments,TO VERIFY - developer after repository audit,Stage 1,Pricing + payments + entitlement service + cost telemetry,EXISTS,"OWNER DISPOSITION (D-008, recorded 2026-10-08): RETAINED only where the separate assessment products (Writing, Speaking, Reading, Listening grading) require it; NOT a Sami chat feature. Sami chat neither shows nor consumes a credit balance.","`app/ai-usage`, `AiQuotaCounters`, `AiPackageCreditSnapshot`, `CreditUsageInfoCard`.","No visible AI-credit or message counter on the Sami chat surface, deliberately (D-008/§1.2). The assessment-side counters stay as they are.",Stage 1,Low
F-142,Contextual paywall,Commercial,"23-30, 38-39",REQUIRED — current OET product / handover scope (SAMI PDF §16),IN SCOPE FOR FULL PROGRAM; deliver according to stage/non-goal gates unless explicitly deferred,Product + Finance/Payments,TO VERIFY - developer after repository audit,Stage 1,Pricing + payments + entitlement service + cost telemetry,EXISTS,"OWNER DISPOSITION (D-008, recorded 2026-10-08): the credit-based contextual paywall is REPLACED by the package-entitlement / eligible-course upgrade path: access is package entitlement plus a per-user admin grant, and the block resolves to a reason plus a registry-resolved upgrade route.","`GET /v1/companion/session` returns `access.canChat`, a typed `reason`, `source` (`package_included` / `admin_enabled` / `promotional` / `manually_disabled` / `expired` / `none`), plan code/name and a registry-resolved `upgradeUrl` (`Endpoints/CompanionLearnerEndpoints.cs:103-154`) from the single gate `Services/Companion/CompanionAccessResolver.cs`; `app/(learner)/companion/page.tsx` renders the upgrade card instead of the chat (reason→copy map at `:30-47`, card at `:225-245`), with copy in `messages/{en,ar}/companion.json`. The hub turn applies the same resolver before serving (`AiAssistantOrchestrator.cs:133-156,646-690`).",Benefits copy lives in the message bundle rather than admin-editable configuration. The conversation-survives-checkout path is inherent (threads are server-persisted) but has not been exercised end to end — F-112 stays MISSING.,Stage 1,Medium
F-143,Course × AI entitlement matrix,Commercial,"23-30, 38-39",REQUIRED — current OET product / handover scope (SAMI PDF §16),IN SCOPE FOR FULL PROGRAM; deliver according to stage/non-goal gates unless explicitly deferred,Product + Finance/Payments,TO VERIFY - developer after repository audit,Stage 1,Pricing + payments + entitlement service + cost telemetry,EXISTS,,"`EffectiveEntitlementSnapshot` separates content scope from allowances; `PackageContentRules`, `CourseFamilyPolicy`, `PackageScopePolicy`.",None - this already is the two-axis model the source asks for.,Shipped,Low
F-144,Standalone AI subscription,Commercial,"23-30, 38-39",REQUIRED — current OET product / handover scope (SAMI PDF §16),IN SCOPE FOR FULL PROGRAM; deliver according to stage/non-goal gates unless explicitly deferred,Product + Finance/Payments,TO VERIFY - developer after repository audit,Stage 1,Pricing + payments + entitlement service + cost telemetry,PARTIAL,,`StandaloneAddonSubscriptions` sentinel; `pkg_*` AI packages are sold standalone.,Not a recurring AI-only subscription.,Blocked,Medium
F-145,Course AI add-on,Commercial,"23-30, 38-39",REQUIRED — current OET product / handover scope (SAMI PDF §16),IN SCOPE FOR FULL PROGRAM; deliver according to stage/non-goal gates unless explicitly deferred,Product + Finance/Payments,TO VERIFY - developer after repository audit,Stage 1,Pricing + payments + entitlement service + cost telemetry,EXISTS,,`BillingAddOn` + `AddonEligibilityService` (parent-enrolment rules) + `AddonGrantProcessor.ApplyAsync/ReverseAsync`.,None.,Shipped,Low
F-146,Monthly billing,Commercial,"23-30, 38-39",REQUIRED — current OET product / handover scope (SAMI PDF §16),IN SCOPE FOR FULL PROGRAM; deliver according to stage/non-goal gates unless explicitly deferred,Product + Finance/Payments,TO VERIFY - developer after repository audit,Stage 1,Pricing + payments + entitlement service + cost telemetry,EXISTS,,"Stripe subscriptions; `FulfillRenewalAsync` idempotent on `(stripeSubscriptionId, currentPeriodStart)`; `SubscriptionStateMachine`; `SubscriptionExpiryWorker`.",None.,Shipped,Low
F-147,Optional annual billing,Commercial,"23-30, 38-39",REQUIRED — current OET product / handover scope (SAMI PDF §16),IN SCOPE FOR FULL PROGRAM; deliver according to stage/non-goal gates unless explicitly deferred,Product + Finance/Payments,TO VERIFY - developer after repository audit,Stage 1,Pricing + payments + entitlement service + cost telemetry,PARTIAL,,Billing periods exist on plan versions; regional gateways are registered.,"Verified against the static seed catalog (`backend/src/OetLearner.Api/Data/Seeds/oet-2026-catalog.json`, v1.1.1): it carries **no** recurring or annual SKU at all — every plan/add-on is a one-time course or credit purchase. Annual billing therefore rests entirely on the recurring billing path (F-146) plus live-configured plan rows, which this checkout cannot see: **TO VERIFY against production** (a live annual plan row would settle it). No Sami launch dependency either way.",Stage 2,Low
F-148,Upgrade/downgrade/cancel,Commercial,"23-30, 38-39",REQUIRED — current OET product / handover scope (SAMI PDF §16),IN SCOPE FOR FULL PROGRAM; deliver according to stage/non-goal gates unless explicitly deferred,Product + Finance/Payments,TO VERIFY - developer after repository audit,Stage 1,Pricing + payments + entitlement service + cost telemetry,EXISTS,,"`BillingSubscriptionEndpoints`, `SubscriptionStateMachine`, `RefundService`, `DisputeService`, dunning and retry.",None.,Shipped,Low
F-149,Fair-use/rate limits,Commercial,"23-30, 38-39",REQUIRED — current OET product / handover scope (SAMI PDF §16),IN SCOPE FOR FULL PROGRAM; deliver according to stage/non-goal gates unless explicitly deferred,Product + Finance/Payments,TO VERIFY - developer after repository audit,Stage 1,Pricing + payments + entitlement service + cost telemetry,EXISTS,,"Rate-limit policies `PerUser`, `PerUserWrite`, `AiInteractive`, `AiInteractiveDay`, `AiScoring`, `AiLiveSpeaking`, `HubConnect`; `DailySafetyCapPct`.","Chat turns ride `/v1/ai-assistant`, whose group policy is `AiInteractive` (`Endpoints/AiAssistantEndpoints.cs:20-23`); the companion session/memory endpoints keep the `PerUser` budget (`CompanionLearnerEndpoints.cs:51-53`). Kill switch, per-feature kill list and `DailySafetyCapPct` still apply to Sami chat even though its token cap does not.",Stage 1,Low
F-150,Regional currency display,Commercial,"23-30, 38-39",REQUIRED — current OET product / handover scope (SAMI PDF §16),IN SCOPE FOR FULL PROGRAM; deliver according to stage/non-goal gates unless explicitly deferred,Product + Finance/Payments,TO VERIFY - developer after repository audit,Stage 1,Pricing + payments + entitlement service + cost telemetry,PARTIAL,,"`lib/money` formatMoney, multi-gateway support (e.g. `easykash`), billing-country handling.",PPP bands and regional eligibility remain TV-023.,Stage 2,Medium
F-151,Cost ceiling alerts,Commercial,"23-30, 38-39",REQUIRED — current OET product / handover scope (SAMI PDF §16),IN SCOPE FOR FULL PROGRAM; deliver according to stage/non-goal gates unless explicitly deferred,Product + Finance/Payments,TO VERIFY - developer after repository audit,Stage 1,Pricing + payments + entitlement service + cost telemetry,EXISTS,,`AiBudgetService` + `AiBudgetAlertService` with `AiBudgetPeriod`/`AiBudgetAlert`; ceilings are configurable.,"Source per-tier ceilings depend on the new tiers (F-136..F-138), which are blocked.",Stage 1,Medium
F-152,Official-vs-methodology separation,Trust & platform,"2, 22, 40-44",REQUIRED — current OET product / handover scope (SAMI PDF §16),IN SCOPE FOR FULL PROGRAM; deliver according to stage/non-goal gates unless explicitly deferred,Security + AI + Product,TO VERIFY - developer after repository audit,Stage 2 (baseline required in Stage 1),Security/privacy design + auditability,EXISTS,Release sequence explicitly requires source-authority separation in Stage 1 although Appendix A places F-152 in Stage 2. Build a Stage 1 baseline and harden/expand in Stage 2.,"Authority class labels every evidence block in the prompt and every citation in the UI, so an official exam fact never reads like a teaching preference.",Citation authority labels are English-only in the Arabic UI.,Stage 1,High
F-153,Anti-hallucination behavior,Trust & platform,"2, 22, 40-44",REQUIRED — current OET product / handover scope (SAMI PDF §16),IN SCOPE FOR FULL PROGRAM; deliver according to stage/non-goal gates unless explicitly deferred,Security + AI + Product,TO VERIFY - developer after repository audit,Stage 1,Security/privacy design + auditability,PARTIAL,"Commit `8614f5298` closed a leak of withheld text into the thread title: the auto-title is now derived from the screened answer only, after the output-side leak screen (`AiAssistantOrchestrator.cs:423-428,480-486`). The empty-completion path is also treated as a provider failure rather than a silent success (`:304-315`).",`PromptNotGroundedException` forces a non-blank grounded system prompt; `AiFeaturePolicyRegistry` refuses disallowed features; the output-side screen `CompanionLeakDetector.Screen` / `ScreenVerbatimReuse` replaces a leaking stored message and ends the turn with `OUTPUT_WITHHELD` (`AiAssistantOrchestrator.cs:433-478`).,"The unknown-answer contract now exists across the prompt and the honest-empty tool paths, but there is still no unsupported-claim detection: CompanionLeakDetector checks canaries, pack scaffolding, credential shapes and verbatim reuse, never whether a claim is supported by the retrieved evidence.",Stage 1,High
F-154,Entitlement-safe retrieval,Trust & platform,"2, 22, 40-44",REQUIRED — current OET product / handover scope (SAMI PDF §16),IN SCOPE FOR FULL PROGRAM; deliver according to stage/non-goal gates unless explicitly deferred,Security + AI + Product,TO VERIFY - developer after repository audit,Stage 1,Security/privacy design + auditability,EXISTS,,"`CompanionRetriever` — entitlement prefilter runs BEFORE any vector or keyword search; the orchestrator re-applies the same gate to every learner turn before serving (`AiAssistantOrchestrator.cs:133-156,646-690` via the single `ICompanionAccessResolver`), and the output-side screen is the last control (`CompanionLeakDetector`, `:433-478`). The `CompanionRetrievalSecurityTests` suite that used to lock this was deleted with the rest of the test code on 2026-10-08; owner-QA only.","None. Zero-tolerance requirement, locked by tests that were proven able to fail.",Stage 1,High
F-155,Academic integrity controls,Trust & platform,"2, 22, 40-44",REQUIRED — current OET product / handover scope (SAMI PDF §16),IN SCOPE FOR FULL PROGRAM; deliver according to stage/non-goal gates unless explicitly deferred,Security + AI + Product,TO VERIFY - developer after repository audit,Stage 2,Security/privacy design + auditability,EXISTS,,"Exam mode is resolved from live attempt state in the database and the client value is discarded (`Services/Companion/CompanionContextResolver.cs:93-115` — `ResolveExamModeAsync`, envelope `ExamMode` overwritten with the server value), so the envelope may only ADD protection. The `CompanionExamModeTests` suite was deleted with the rest of the test code on 2026-10-08; owner-QA only.",Bounded to attempts started within 8 hours so a stale row cannot lock a learner out permanently.,Stage 1,High
F-156,Sensitive upload warning,Trust & platform,"2, 22, 40-44",REQUIRED — current OET product / handover scope (SAMI PDF §16),IN SCOPE FOR FULL PROGRAM; deliver according to stage/non-goal gates unless explicitly deferred,Security + AI + Product,TO VERIFY - developer after repository audit,Stage 2,Security/privacy design + auditability,EXISTS,"SAMI Wave 2 2026-10-07: CompanionPiiScreen detects emails, long ID numbers, MRN/NHS-labelled fields in uploads.","Prompt boundary: on real patient data, a colleague’s details, or an official document scan, the companion warns, does not repeat it back, does not save it as a note, and continues anonymised.","A prompt-level control, not a classifier. No automated PII detection on uploads.",Stage 2,High
F-157,Privacy controls,Trust & platform,"2, 22, 40-44",REQUIRED — current OET product / handover scope (SAMI PDF §16),IN SCOPE FOR FULL PROGRAM; deliver according to stage/non-goal gates unless explicitly deferred,Security + AI + Product,TO VERIFY - developer after repository audit,Stage 1,Security/privacy design + auditability,EXISTS,,"`LearnerSettings.PrivacyJson`, `NotificationConsent`, `DataRetentionWorker`, `AuthDataRetentionWorker`, `ConversationAudioRetentionWorker`.","None. CompanionMemoryPanel renders full companion memory controls (view, per-item delete, reset, download) on the companion page.",Stage 1,High
F-158,Data export/delete,Trust & platform,"2, 22, 40-44",REQUIRED — current OET product / handover scope (SAMI PDF §16),IN SCOPE FOR FULL PROGRAM; deliver according to stage/non-goal gates unless explicitly deferred,Security + AI + Product,TO VERIFY - developer after repository audit,Stage 2,Security/privacy design + auditability,PARTIAL,,"`app/(auth)/account-deletion`, retention workers, `ConversationTranscriptExportService`.","Export now covers derived data, but the bulk reset deleted only notes and bookmarks -- companion memory entries and Error DNA survived it and Error DNA had no delete endpoint -- and the Documentation Center claimed the endpoint reset all of it. Fixed in this change; this row should be re-audited after the deploy.",Stage 2,High
F-159,Audit logs,Trust & platform,"2, 22, 40-44",REQUIRED — current OET product / handover scope (SAMI PDF §16),IN SCOPE FOR FULL PROGRAM; deliver according to stage/non-goal gates unless explicitly deferred,Security + AI + Product,TO VERIFY - developer after repository audit,Stage 2,Security/privacy design + auditability,EXISTS,,`AuditEvent` written by ~79 services; `SecurityEventLogger`; one `AiToolInvocation` plus an audit row per tool call; admin write endpoints audited.,Companion actions and credit movements must join this.,Stage 1,Low
F-160,"Accessibility - WCAG 2.2 AA across learner-facing web, web-app and native-app surfaces",Trust & platform,"2, 22, 40-44",REQUIRED — current OET product / handover scope (SAMI PDF §16),IN SCOPE FOR FULL PROGRAM; deliver according to stage/non-goal gates unless explicitly deferred,Security + AI + Product,TO VERIFY - developer after repository audit,Stage 2,Security/privacy design + auditability,PARTIAL,"WCAG 2.2 AA is a global product target. Even if Appendix A classifies the inventory item as Stage 2, Stage 1 UI must not knowingly introduce inaccessible foundations.","`contexts/accessibility-context.tsx` (`AccessibilityProvider`: large text, high contrast, reduce motion; toggles `a11y-high-contrast` / `a11y-reduce-motion` and wraps the tree in `MotionConfig reducedMotion`), wired in `app/providers.tsx:103-140`; per-learner controls in `app/(learner)/settings/[section]/page.tsx:291-301`; reading-surface a11y policy in `app/(learner)/reading/paper/[paperId]/page.tsx`. The `tests/a11y/**` and `tests/e2e/shared/accessibility.spec.ts` suites no longer exist (all test code deleted 2026-10-08), so nothing is machine-checked: owner-QA only.",The new companion surface needs its own WCAG 2.2 AA pass; a11y defects in core flow are release defects.,Stage 1,Medium
F-161,Arabic RTL support,Trust & platform,"2, 22, 40-44",REQUIRED — current OET product / handover scope (SAMI PDF §16),IN SCOPE FOR FULL PROGRAM; deliver according to stage/non-goal gates unless explicitly deferred,Security + AI + Product,TO VERIFY - developer after repository audit,Stage 2,Security/privacy design + auditability,EXISTS,,"`i18n.ts` `ar` locale, `app/layout.tsx` `dir` switch, `messages/ar/writing.json`.","None. MESSAGE_MODULES includes companion and both messages/{en,ar}/companion.json bundles ship. Residual note: the i18n.ts header comment is stale and still claims only Writing is internationalised.",Stage 1,Medium
F-162,iOS,Trust & platform,"2, 22, 40-44",REQUIRED — current OET product / handover scope (SAMI PDF §16),IN SCOPE FOR FULL PROGRAM; deliver according to stage/non-goal gates unless explicitly deferred,Security + AI + Product,TO VERIFY - developer after repository audit,Stage 2,Security/privacy design + auditability,EXISTS,,"Capacitor `ios/`, fastlane, VPS update feed.",Companion inherits the web app shell.,Shipped,Low
F-163,Android,Trust & platform,"2, 22, 40-44",REQUIRED — current OET product / handover scope (SAMI PDF §16),IN SCOPE FOR FULL PROGRAM; deliver according to stage/non-goal gates unless explicitly deferred,Security + AI + Product,TO VERIFY - developer after repository audit,Stage 2,Security/privacy design + auditability,EXISTS,,"Capacitor `android/`, Play Console automation, `docs/app-release-playbook.md`.",Store AI-content reporting may be required (TV-032).,Shipped,Medium
F-164,Windows,Trust & platform,"2, 22, 40-44",EQUIVALENT ACCEPTABLE — desktop web/PWA may satisfy the current handover (SAMI PDF §16),IN SCOPE FOR FULL PROGRAM; deliver according to stage/non-goal gates unless explicitly deferred,Security + AI + Product,TO VERIFY - developer after repository audit,Stage 2,Security/privacy design + auditability,EXISTS,SAMI PDF §16: EQUIVALENT ACCEPTABLE — desktop web/PWA satisfies the current handover.,"Tauri 2 desktop thin client (`src-tauri/`), Windows updater feed.",None.,Shipped,Low
F-165,macOS,Trust & platform,"2, 22, 40-44",EQUIVALENT ACCEPTABLE — desktop web/PWA may satisfy the current handover (SAMI PDF §16),IN SCOPE FOR FULL PROGRAM; deliver according to stage/non-goal gates unless explicitly deferred,Security + AI + Product,TO VERIFY - developer after repository audit,Stage 2,Security/privacy design + auditability,DEFERRED_BY_SOURCE,SAMI PDF §16: EQUIVALENT ACCEPTABLE — desktop web/PWA satisfies the current handover.,Tauri supports macOS; the live update feed is windows-x86_64 only.,"Out of scope by owner decision: dedicated desktop apps are a non-goal where an equivalent web/PWA surface suffices (""EQUIVALENT ACCEPTABLE""). Tauri still bundles nsis/dmg/app and a macOS kill-switch is armed, and validateDesktopFeed requires only windows-x86_64. repo_stage stays Deferred.",Deferred,Low
F-166,Website,Trust & platform,"2, 22, 40-44",REQUIRED — current OET product / handover scope (SAMI PDF §16),IN SCOPE FOR FULL PROGRAM; deliver according to stage/non-goal gates unless explicitly deferred,Security + AI + Product,TO VERIFY - developer after repository audit,Stage 2,Security/privacy design + auditability,EXISTS,,"Separate Astro site (`OET Project Website`), deployed independently.",The public companion demo (F-001) would live here.,Stage 1,Medium
F-167,Web app,Trust & platform,"2, 22, 40-44",REQUIRED — current OET product / handover scope (SAMI PDF §16),IN SCOPE FOR FULL PROGRAM; deliver according to stage/non-goal gates unless explicitly deferred,Security + AI + Product,TO VERIFY - developer after repository audit,Stage 2,Security/privacy design + auditability,EXISTS,,Next.js 16 App Router web app - this repository.,None.,Shipped,Low
F-168,IELTS pack,Expansion & B2B,32-33,FUTURE — architecture-ready; not a controlled OET beta blocker (SAMI PDF §16). Owner decision D-006 moved it into the delivery program as Wave 6.,IN SCOPE FOR FULL PROGRAM; deliver according to stage/non-goal gates unless explicitly deferred,Platform/Enterprise,TO VERIFY - developer after repository audit,Stage 4-5,Stable OET core + versioned knowledge-pack architecture,MISSING,"OWNER D-006 2026-10-07: in scope (Wave 6) — ""literally everything"" supersedes FUTURE/not-a-blocker sequencing. | NOT DELIVERED FOR THIS BETA (register reconciled 2026-10-08). SAMI PDF §16 marks it FUTURE-architecture-ready and §1.2 makes it not a controlled OET beta blocker; owner decision D-006 nevertheless keeps it in the delivery program as Wave 6.","Groundwork only, not a delivered pack: `Services/IeltsMockEngine.cs` (IELTS Writing Task 1/2 evaluation + band reporting), `POST /v1/ielts/writing/task1|task2` and `/v1/ielts/overall` (`Endpoints/LearnerEndpoints.cs:737-749`), `lib/ielts-scoring.ts`, `app/(learner)/ielts-guide/page.tsx`. No IELTS knowledge pack, content corpus or entitlement.","Not delivered for this beta and not an acceptance blocker (SAMI PDF §16 FUTURE, §1.2); D-006 sequences it as Wave 6.",Wave 6 — not delivered,Low
F-169,PTE pack,Expansion & B2B,32-33,FUTURE — architecture-ready; not a controlled OET beta blocker (SAMI PDF §16). Owner decision D-006 moved it into the delivery program as Wave 6.,IN SCOPE FOR FULL PROGRAM; deliver according to stage/non-goal gates unless explicitly deferred,Platform/Enterprise,TO VERIFY - developer after repository audit,Stage 4-5,Stable OET core + versioned knowledge-pack architecture,MISSING,"OWNER D-006 2026-10-07: in scope (Wave 6) — ""literally everything"" supersedes FUTURE/not-a-blocker sequencing. | NOT DELIVERED FOR THIS BETA (register reconciled 2026-10-08). SAMI PDF §16 marks it FUTURE-architecture-ready and §1.2 makes it not a controlled OET beta blocker; owner decision D-006 nevertheless keeps it in the delivery program as Wave 6.","Groundwork only: `Services/PteScoring.cs`. No PTE content, assessment pack or learner surface.","Not delivered for this beta and not an acceptance blocker (SAMI PDF §16 FUTURE, §1.2); D-006 sequences it as Wave 6.",Wave 6 — not delivered,Low
F-170,TOEFL pack,Expansion & B2B,32-33,FUTURE — architecture-ready; not a controlled OET beta blocker (SAMI PDF §16). Owner decision D-006 moved it into the delivery program as Wave 6.,IN SCOPE FOR FULL PROGRAM; deliver according to stage/non-goal gates unless explicitly deferred,Platform/Enterprise,TO VERIFY - developer after repository audit,Stage 4-5,Stable OET core + versioned knowledge-pack architecture,MISSING,"OWNER D-006 2026-10-07: in scope (Wave 6) — ""literally everything"" supersedes FUTURE/not-a-blocker sequencing. | NOT DELIVERED FOR THIS BETA (register reconciled 2026-10-08). SAMI PDF §16 marks it FUTURE-architecture-ready and §1.2 makes it not a controlled OET beta blocker; owner decision D-006 nevertheless keeps it in the delivery program as Wave 6.",Nothing TOEFL-specific exists.,Stage 4 backlog.,Wave 6 — not delivered,Low
F-171,Future exam packs,Expansion & B2B,32-33,FUTURE — architecture-ready; not a controlled OET beta blocker (SAMI PDF §16). Owner decision D-006 moved it into the delivery program as Wave 6.,IN SCOPE FOR FULL PROGRAM; deliver according to stage/non-goal gates unless explicitly deferred,Platform/Enterprise,TO VERIFY - developer after repository audit,Stage 4-5,Stable OET core + versioned knowledge-pack architecture,MISSING,"OWNER D-006 2026-10-07: in scope (Wave 6) — ""literally everything"" supersedes FUTURE/not-a-blocker sequencing. | NOT DELIVERED FOR THIS BETA (register reconciled 2026-10-08). SAMI PDF §16 marks it FUTURE-architecture-ready and §1.2 makes it not a controlled OET beta blocker; owner decision D-006 nevertheless keeps it in the delivery program as Wave 6.",`LearnerGoal.ExamFamilyCode`/`ExamTypeCode`/`TargetExamMode` and `LearnerUser.ActiveExamTypeCode` give an exam axis; rulebooks are keyed by kind × profession. There is no pack mechanism.,"Not delivered for this beta and not an acceptance blocker (SAMI PDF §16 FUTURE, §1.2); D-006 sequences it as Wave 6.",Wave 6 — not delivered,Medium
F-172,Exam-version engine,Expansion & B2B,32-33,FUTURE — architecture-ready; not a controlled OET beta blocker (SAMI PDF §16). Owner decision D-006 moved it into the delivery program as Wave 6.,IN SCOPE FOR FULL PROGRAM; deliver according to stage/non-goal gates unless explicitly deferred,Platform/Enterprise,TO VERIFY - developer after repository audit,Stage 4-5,Stable OET core + versioned knowledge-pack architecture,MISSING,"OWNER D-006 2026-10-07: in scope (Wave 6) — ""literally everything"" supersedes FUTURE/not-a-blocker sequencing. | NOT DELIVERED FOR THIS BETA (register reconciled 2026-10-08). SAMI PDF §16 marks it FUTURE-architecture-ready and §1.2 makes it not a controlled OET beta blocker; owner decision D-006 nevertheless keeps it in the delivery program as Wave 6.","No exam version, effective-date or retirement engine (see F-004).",Stage 4 backlog; F-004 is the Stage 2 precursor.,Wave 6 — not delivered,Medium
F-173,Cross-exam skill transfer,Expansion & B2B,32-33,FUTURE — architecture-ready; not a controlled OET beta blocker (SAMI PDF §16). Owner decision D-006 moved it into the delivery program as Wave 6.,IN SCOPE FOR FULL PROGRAM; deliver according to stage/non-goal gates unless explicitly deferred,Platform/Enterprise,TO VERIFY - developer after repository audit,Stage 4-5,Stable OET core + versioned knowledge-pack architecture,MISSING,"OWNER D-006 2026-10-07: in scope (Wave 6) — ""literally everything"" supersedes FUTURE/not-a-blocker sequencing. | NOT DELIVERED FOR THIS BETA (register reconciled 2026-10-08). SAMI PDF §16 marks it FUTURE-architecture-ready and §1.2 makes it not a controlled OET beta blocker; owner decision D-006 nevertheless keeps it in the delivery program as Wave 6.",No cross-exam skill transfer model.,Stage 4 backlog.,Wave 6 — not delivered,Low
F-174,B2B multi-tenancy,Expansion & B2B,32-33,FUTURE — architecture-ready; not a controlled OET beta blocker (SAMI PDF §16). Owner decision D-006 moved it into the delivery program as Wave 6.,IN SCOPE FOR FULL PROGRAM; deliver according to stage/non-goal gates unless explicitly deferred,Platform/Enterprise,TO VERIFY - developer after repository audit,Stage 4-5,Stable OET core + versioned knowledge-pack architecture,MISSING,OWNER D-006 2026-10-07: NOT_APPLICABLE_WITH_REASON lifted; reopened as MISSING. Prior reason preserved in repo_gap. | NOT DELIVERED FOR THIS BETA (register reconciled 2026-10-08). SAMI PDF §16 marks it FUTURE-architecture-ready and §1.2 makes it not a controlled OET beta blocker; owner decision D-006 nevertheless keeps it in the delivery program as Wave 6.,Out of scope by owner decision; no code required.,"Owner decision: the companion serves this project only. There is no second tenant, so no tenancy boundary is built. Per-student isolation is delivered by userId-scoped queries; the `CompanionMultiLearnerIsolationTests` that used to lock it were deleted with the rest of the test code on 2026-10-08, so it is owner-QA only. Not delivered for this beta and not an acceptance blocker (SAMI PDF §16 FUTURE, §1.2); D-006 sequences it as Wave 6.",Wave 6 — not delivered,Medium
F-175,White-label persona,Expansion & B2B,32-33,FUTURE — architecture-ready; not a controlled OET beta blocker (SAMI PDF §16). Owner decision D-006 moved it into the delivery program as Wave 6.,IN SCOPE FOR FULL PROGRAM; deliver according to stage/non-goal gates unless explicitly deferred,Platform/Enterprise,TO VERIFY - developer after repository audit,Stage 4-5,Stable OET core + versioned knowledge-pack architecture,MISSING,OWNER D-006 2026-10-07: NOT_APPLICABLE_WITH_REASON lifted; reopened as MISSING. Prior reason preserved in repo_gap. | NOT DELIVERED FOR THIS BETA (register reconciled 2026-10-08). SAMI PDF §16 marks it FUTURE-architecture-ready and §1.2 makes it not a controlled OET beta blocker; owner decision D-006 nevertheless keeps it in the delivery program as Wave 6.,Out of scope by owner decision; no code required.,"Owner decision: single deployment, single brand. The persona stays one configurable name (`Companion:PersonaName`) rather than a per-tenant setting.",Wave 6 — not delivered,Low
F-176,Institution knowledge upload,Expansion & B2B,32-33,FUTURE — architecture-ready; not a controlled OET beta blocker (SAMI PDF §16). Owner decision D-006 moved it into the delivery program as Wave 6.,IN SCOPE FOR FULL PROGRAM; deliver according to stage/non-goal gates unless explicitly deferred,Platform/Enterprise,TO VERIFY - developer after repository audit,Stage 4-5,Stable OET core + versioned knowledge-pack architecture,MISSING,OWNER D-006 2026-10-07: NOT_APPLICABLE_WITH_REASON lifted; reopened as MISSING. Prior reason preserved in repo_gap. | NOT DELIVERED FOR THIS BETA (register reconciled 2026-10-08). SAMI PDF §16 marks it FUTURE-architecture-ready and §1.2 makes it not a controlled OET beta blocker; owner decision D-006 nevertheless keeps it in the delivery program as Wave 6.,Out of scope by owner decision; no code required.,"Owner decision: no institutional tenants. The corpus is the platform’s own approved material, curated through `/v1/admin/companion/knowledge`.",Wave 6 — not delivered,Low
F-177,Institution roles,Expansion & B2B,32-33,FUTURE — architecture-ready; not a controlled OET beta blocker (SAMI PDF §16). Owner decision D-006 moved it into the delivery program as Wave 6.,IN SCOPE FOR FULL PROGRAM; deliver according to stage/non-goal gates unless explicitly deferred,Platform/Enterprise,TO VERIFY - developer after repository audit,Stage 4-5,Stable OET core + versioned knowledge-pack architecture,MISSING,"OWNER D-006 2026-10-07: in scope (Wave 6) — ""literally everything"" supersedes FUTURE/not-a-blocker sequencing. | NOT DELIVERED FOR THIS BETA (register reconciled 2026-10-08). SAMI PDF §16 marks it FUTURE-architecture-ready and §1.2 makes it not a controlled OET beta blocker; owner decision D-006 nevertheless keeps it in the delivery program as Wave 6.","A `sponsor` role exists in `ApplicationUserRoles`, with `app/sponsor/**` and `SponsorService`. A sponsor pays for one learner; that is not an institution role hierarchy.","Not delivered for this beta and not an acceptance blocker (SAMI PDF §16 FUTURE, §1.2); D-006 sequences it as Wave 6.",Wave 6 — not delivered,Low
F-178,Seat/usage budgets,Expansion & B2B,32-33,FUTURE — architecture-ready; not a controlled OET beta blocker (SAMI PDF §16). Owner decision D-006 moved it into the delivery program as Wave 6.,IN SCOPE FOR FULL PROGRAM; deliver according to stage/non-goal gates unless explicitly deferred,Platform/Enterprise,TO VERIFY - developer after repository audit,Stage 4-5,Stable OET core + versioned knowledge-pack architecture,MISSING,"OWNER D-006 2026-10-07: in scope (Wave 6) — ""literally everything"" supersedes FUTURE/not-a-blocker sequencing. | NOT DELIVERED FOR THIS BETA (register reconciled 2026-10-08). SAMI PDF §16 marks it FUTURE-architecture-ready and §1.2 makes it not a controlled OET beta blocker; owner decision D-006 nevertheless keeps it in the delivery program as Wave 6.",`SponsorSeatPackService` sells seat packs to sponsors and `app/sponsor` renders them. No per-institution AI budget or active-user cap.,"Not delivered for this beta and not an acceptance blocker (SAMI PDF §16 FUTURE, §1.2); D-006 sequences it as Wave 6.",Wave 6 — not delivered,Low
F-179,Institution analytics,Expansion & B2B,32-33,FUTURE — architecture-ready; not a controlled OET beta blocker (SAMI PDF §16). Owner decision D-006 moved it into the delivery program as Wave 6.,IN SCOPE FOR FULL PROGRAM; deliver according to stage/non-goal gates unless explicitly deferred,Platform/Enterprise,TO VERIFY - developer after repository audit,Stage 4-5,Stable OET core + versioned knowledge-pack architecture,MISSING,"OWNER D-006 2026-10-07: in scope (Wave 6) — ""literally everything"" supersedes FUTURE/not-a-blocker sequencing. | NOT DELIVERED FOR THIS BETA (register reconciled 2026-10-08). SAMI PDF §16 marks it FUTURE-architecture-ready and §1.2 makes it not a controlled OET beta blocker; owner decision D-006 nevertheless keeps it in the delivery program as Wave 6.","Sponsor-portal reporting exists (`app/sponsor`, `SponsorService`). No mastery, engagement, at-risk or content-gap analytics per institution.","Not delivered for this beta and not an acceptance blocker (SAMI PDF §16 FUTURE, §1.2); D-006 sequences it as Wave 6.",Wave 6 — not delivered,Low
F-180,SSO,Expansion & B2B,32-33,FUTURE — architecture-ready; not a controlled OET beta blocker (SAMI PDF §16). Owner decision D-006 moved it into the delivery program as Wave 6.,IN SCOPE FOR FULL PROGRAM; deliver according to stage/non-goal gates unless explicitly deferred,Platform/Enterprise,TO VERIFY - developer after repository audit,Stage 4-5,Stable OET core + versioned knowledge-pack architecture,MISSING,OWNER D-006 2026-10-07: NOT_APPLICABLE_WITH_REASON lifted; reopened as MISSING. Prior reason preserved in repo_gap. | NOT DELIVERED FOR THIS BETA (register reconciled 2026-10-08). SAMI PDF §16 marks it FUTURE-architecture-ready and §1.2 makes it not a controlled OET beta blocker; owner decision D-006 nevertheless keeps it in the delivery program as Wave 6.,Out of scope by owner decision; no code required.,Owner decision: the companion uses the platform’s existing authentication. Access is the learner’s normal session plus the AI package entitlement — no separate identity provider.,Wave 6 — not delivered,Low
F-181,API/webhooks,Expansion & B2B,32-33,FUTURE — architecture-ready; not a controlled OET beta blocker (SAMI PDF §16). Owner decision D-006 moved it into the delivery program as Wave 6.,IN SCOPE FOR FULL PROGRAM; deliver according to stage/non-goal gates unless explicitly deferred,Platform/Enterprise,TO VERIFY - developer after repository audit,Stage 4-5,Stable OET core + versioned knowledge-pack architecture,MISSING,"OWNER D-006 2026-10-07: in scope (Wave 6) — ""literally everything"" supersedes FUTURE/not-a-blocker sequencing. | NOT DELIVERED FOR THIS BETA (register reconciled 2026-10-08). SAMI PDF §16 marks it FUTURE-architecture-ready and §1.2 makes it not a controlled OET beta blocker; owner decision D-006 nevertheless keeps it in the delivery program as Wave 6.","Inbound webhooks exist (`POST /v1/webhooks/stripe`, `/brevo`, `/livekit`, `/zoom`, `/bunny-stream` in `Endpoints/*WebhookEndpoints.cs`) plus admin webhook summary/retry (`Endpoints/AdminEndpoints.cs:828-832`). No partner-facing API, API-key issuance or outbound webhook contract.","Not delivered for this beta and not an acceptance blocker (SAMI PDF §16 FUTURE, §1.2); D-006 sequences it as Wave 6.",Wave 6 — not delivered,Low
F-182,LMS integration,Expansion & B2B,32-33,FUTURE — architecture-ready; not a controlled OET beta blocker (SAMI PDF §16). Owner decision D-006 moved it into the delivery program as Wave 6.,IN SCOPE FOR FULL PROGRAM; deliver according to stage/non-goal gates unless explicitly deferred,Platform/Enterprise,TO VERIFY - developer after repository audit,Stage 4-5,Stable OET core + versioned knowledge-pack architecture,MISSING,"OWNER D-006 2026-10-07: in scope (Wave 6) — ""literally everything"" supersedes FUTURE/not-a-blocker sequencing. | NOT DELIVERED FOR THIS BETA (register reconciled 2026-10-08). SAMI PDF §16 marks it FUTURE-architecture-ready and §1.2 makes it not a controlled OET beta blocker; owner decision D-006 nevertheless keeps it in the delivery program as Wave 6.",No LMS integration.,Stage 5 backlog.,Wave 6 — not delivered,Low
F-183,Custom retention,Expansion & B2B,32-33,FUTURE — architecture-ready; not a controlled OET beta blocker (SAMI PDF §16). Owner decision D-006 moved it into the delivery program as Wave 6.,IN SCOPE FOR FULL PROGRAM; deliver according to stage/non-goal gates unless explicitly deferred,Platform/Enterprise,TO VERIFY - developer after repository audit,Stage 4-5,Stable OET core + versioned knowledge-pack architecture,MISSING,"OWNER D-006 2026-10-07: in scope (Wave 6) — ""literally everything"" supersedes FUTURE/not-a-blocker sequencing. | NOT DELIVERED FOR THIS BETA (register reconciled 2026-10-08). SAMI PDF §16 marks it FUTURE-architecture-ready and §1.2 makes it not a controlled OET beta blocker; owner decision D-006 nevertheless keeps it in the delivery program as Wave 6.","`DataRetentionWorker`, `Services/Auth/AuthDataRetentionWorker.cs`, `Services/Conversation/ConversationAudioRetentionWorker.cs`, `Services/Speaking/SpeakingAudioRetentionWorker.cs`, `Services/Pronunciation/PronunciationAudioRetentionWorker.cs`, `Services/Billing/WebhookPiiRetentionWorker.cs`. Windows are global configuration, not per-contract or per-tenant.","Not delivered for this beta and not an acceptance blocker (SAMI PDF §16 FUTURE, §1.2); D-006 sequences it as Wave 6.",Wave 6 — not delivered,Low
F-184,Enterprise audit/support,Expansion & B2B,32-33,FUTURE — architecture-ready; not a controlled OET beta blocker (SAMI PDF §16). Owner decision D-006 moved it into the delivery program as Wave 6.,IN SCOPE FOR FULL PROGRAM; deliver according to stage/non-goal gates unless explicitly deferred,Platform/Enterprise,TO VERIFY - developer after repository audit,Stage 4-5,Stable OET core + versioned knowledge-pack architecture,MISSING,"OWNER D-006 2026-10-07: in scope (Wave 6) — ""literally everything"" supersedes FUTURE/not-a-blocker sequencing. | NOT DELIVERED FOR THIS BETA (register reconciled 2026-10-08). SAMI PDF §16 marks it FUTURE-architecture-ready and §1.2 makes it not a controlled OET beta blocker; owner decision D-006 nevertheless keeps it in the delivery program as Wave 6.","`AuditEvent`, `SecurityEventLogger` and `CustomerSupportCaseService` exist for the platform. There is no enterprise audit export and no contracted support tier.","Not delivered for this beta and not an acceptance blocker (SAMI PDF §16 FUTURE, §1.2); D-006 sequences it as Wave 6.",Wave 6 — not delivered,Low
